time/fps,time/time_elapsed,time/total_timesteps,time/iterations,time/rollout_time,time/train_time,train/learning_rate,train/n_updates,train/clip_range,train/clip_fraction,train/value_loss,train/clip_range_vf,train/explained_variance,train/std,train/approx_kl,train/policy_gradient_loss,train/loss,train/entropy_loss
1439,45,65536,1,45.47834491729736,0.004761695861816406,,,,,,,,,,,,
1398,93,131072,2,46.909478187561035,1.2873244285583496,0.0001,10,0.1,0.1180145263671875,7.5283398270607,1000.0,-0.4100797176361084,0.9996641874313354,0.002308338,-0.007340145714988466,2.878779172897339,-34.05043649673462
1384,141,196608,3,47.232829332351685,1.041795015335083,0.0001,20,0.1,0.12642059326171876,5.883019798994065,1000.0,-0.2706073522567749,0.9991875886917114,0.0025326957,-0.007648311844968702,2.362304449081421,-34.04112386703491
1387,188,262144,4,45.91777682304382,1.039444923400879,0.0001,30,0.1,0.13999176025390625,5.142157852649689,1000.0,-0.011521220207214355,0.9990323781967163,0.0025869377,-0.008232301435782574,2.176018476486206,-34.03372473716736
1382,237,327680,5,47.034883975982666,1.0472869873046875,0.0001,40,0.1,0.1546356201171875,5.1528595864772795,1000.0,0.16859042644500732,0.9985088109970093,0.0028052907,-0.00888888334739022,2.355351209640503,-34.02374448776245
1372,286,393216,6,48.47047400474548,1.0743293762207031,0.0001,50,0.1,0.15068511962890624,5.551357960700988,1000.0,0.27317869663238525,0.9982675313949585,0.0028453297,-0.008596585992199835,2.6705145835876465,-34.014289665222165
1372,334,458752,7,46.573811054229736,1.0418896675109863,0.0001,60,0.1,0.156842041015625,5.89193217754364,1000.0,0.34921324253082275,0.9980672597885132,0.0028879715,-0.00882721851230599,2.822408437728882,-34.009531545639035
1373,381,524288,8,46.348538637161255,1.1614761352539062,0.0001,70,0.1,0.15272064208984376,6.315670198202133,1000.0,0.4132118225097656,0.9970594644546509,0.0029829713,-0.008567462797509506,3.067941427230835,-33.993772411346434
1376,428,589824,9,45.82041144371033,1.0842316150665283,0.0001,80,0.1,0.1354156494140625,6.678124594688415,1000.0,0.463229238986969,0.9963988661766052,0.0027446228,-0.007830010351608508,3.1031510829925537,-33.97437782287598
1377,475,655360,10,45.99475598335266,1.0945277214050293,0.0001,90,0.1,0.12440032958984375,7.363673663139343,1000.0,0.5026406645774841,0.9958395957946777,0.0025021436,-0.007317078966298141,3.4616544246673584,-33.95914225578308
1381,521,720896,11,45.103073596954346,1.049293041229248,0.0001,100,0.1,0.117266845703125,7.539728760719299,1000.0,0.5295964479446411,0.9949740171432495,0.0024915598,-0.006993526313453913,3.661381244659424,-33.94172797203064
1384,567,786432,12,44.97233510017395,1.040801763534546,0.0001,110,0.1,0.1265533447265625,7.495254778862,1000.0,0.5626684427261353,0.9944204092025757,0.0023482647,-0.007305352902039886,3.570934772491455,-33.92426190376282
1387,613,851968,13,45.076159954071045,1.0471017360687256,0.0001,120,0.1,0.12339630126953124,7.6291454374790195,1000.0,0.5868669748306274,0.993595540523529,0.0025532716,-0.007164955933694728,3.631438732147217,-33.90724663734436
1391,659,917504,14,44.36837911605835,1.0517234802246094,0.0001,130,0.1,0.12276458740234375,7.770018124580384,1000.0,0.6085677146911621,0.9929325580596924,0.0024036895,-0.007211303373333066,3.7149620056152344,-33.88852572441101
1394,704,983040,15,44.305699586868286,1.1074607372283936,0.0001,140,0.1,0.1093505859375,8.257069545984269,1000.0,0.6344199180603027,0.9920398592948914,0.002303761,-0.006507880421122536,3.996960401535034,-33.870440769195554
1396,750,1048576,16,44.88713836669922,1.1875178813934326,0.0001,150,0.1,0.108740234375,8.117643308639526,1000.0,0.6633177995681763,0.9913927912712097,0.0022195065,-0.006287142371002119,3.914489507675171,-33.85041823387146
1399,796,1114112,17,44.269978284835815,1.0957653522491455,0.0001,160,0.1,0.10044708251953124,8.474595296382905,1000.0,0.6782143712043762,0.9908232688903809,0.00215177,-0.0060948739293962715,4.1121697425842285,-33.835627508163455
1401,841,1179648,18,44.34442853927612,1.0975754261016846,0.0001,170,0.1,0.1066314697265625,8.124089419841766,1000.0,0.7003368139266968,0.9904540777206421,0.0022286102,-0.00630309428088367,3.8893790245056152,-33.822931957244876
1405,885,1245184,19,43.10662651062012,1.0865368843078613,0.0001,180,0.1,0.11412353515625,7.800665926933289,1000.0,0.7090933918952942,0.9899541139602661,0.0022804823,-0.00667575907355058,3.6861424446105957,-33.811831665039065
1408,930,1310720,20,43.5053346157074,1.0699551105499268,0.0001,190,0.1,0.09425201416015624,7.789630854129792,1000.0,0.7340419292449951,0.9893572330474854,0.0021470874,-0.00570151571300812,3.8599817752838135,-33.797461366653444
1411,974,1376256,21,43.19266605377197,1.054499626159668,0.0001,200,0.1,0.09593505859375,7.483175414800644,1000.0,0.7472769021987915,0.9884910583496094,0.0020349054,-0.006020577393064741,3.603986978530884,-33.77762093544006
1415,1018,1441792,22,42.85947370529175,1.0508458614349365,0.0001,210,0.1,0.09031219482421875,7.567926794290543,1000.0,0.7596315741539001,0.9873048663139343,0.0021021874,-0.0055842962421593255,3.7195680141448975,-33.751819944381715
1418,1062,1507328,23,42.70570731163025,1.049694299697876,0.0001,220,0.1,0.10260467529296875,7.190562230348587,1000.0,0.7654098272323608,0.9863299131393433,0.0021762075,-0.006169876398053021,3.489731788635254,-33.72408814430237
1422,1105,1572864,24,42.325912952423096,1.0434715747833252,0.0001,230,0.1,0.0917083740234375,7.045087206363678,1000.0,0.7819415330886841,0.9854733943939209,0.002119637,-0.0052782986225793135,3.490495443344116,-33.700610399246216
1426,1148,1638400,25,41.83044981956482,1.03643798828125,0.0001,240,0.1,0.09048004150390625,6.792677664756775,1000.0,0.7910205721855164,0.9839996099472046,0.0022525075,-0.0055445623758714644,3.3424036502838135,-33.670947265625
1429,1191,1703936,26,42.013509035110474,1.0773239135742188,0.0001,250,0.1,0.09842376708984375,6.790941685438156,1000.0,0.791671872138977,0.9829773306846619,0.002173223,-0.005829874849587214,3.2767820358276367,-33.638732290267946
1432,1235,1769472,27,42.72670888900757,1.069417953491211,0.0001,260,0.1,0.0929107666015625,6.458730435371399,1000.0,0.8021196126937866,0.9813096523284912,0.0020679717,-0.005673207783547696,3.189654588699341,-33.60332474708557
1435,1278,1835008,28,41.81925344467163,1.0438199043273926,0.0001,270,0.1,0.08981475830078126,6.0672551691532135,1000.0,0.8090905547142029,0.9804238080978394,0.001918952,-0.005262432825111319,2.882432699203491,-33.57158160209656
1438,1321,1900544,29,41.70456409454346,1.0606718063354492,0.0001,280,0.1,0.08223876953125,6.049768835306168,1000.0,0.8211076259613037,0.9795511960983276,0.0018943774,-0.00529335999453906,3.0048418045043945,-33.54883770942688
1442,1363,1966080,30,41.035834074020386,1.039839506149292,0.0001,290,0.1,0.083416748046875,5.699070638418197,1000.0,0.8280848860740662,0.9784334897994995,0.0019322396,-0.005348733149003237,2.8995888233184814,-33.52248210906983
1445,1405,2031616,31,41.117833375930786,1.0087847709655762,0.0001,300,0.1,0.08498992919921874,5.7851934969425205,1000.0,0.8352295160293579,0.9772762060165405,0.0020092556,-0.004964524091337808,2.977001428604126,-33.49269776344299
1448,1447,2097152,32,41.518062114715576,1.054344892501831,0.0001,310,0.1,0.08774261474609375,5.463985919952393,1000.0,0.8334189653396606,0.9760555028915405,0.0020014152,-0.005093507103447336,2.501380443572998,-33.46086182594299
1451,1490,2162688,33,41.34682869911194,1.0688588619232178,0.0001,320,0.1,0.0820526123046875,5.107214373350144,1000.0,0.8485708832740784,0.9748978614807129,0.001963237,-0.0048664763860870154,2.4386985301971436,-33.43103704452515
1453,1532,2228224,34,41.30697464942932,1.0519404411315918,0.0001,330,0.1,0.0785919189453125,5.0121758580207825,1000.0,0.853225588798523,0.9741940498352051,0.0019335774,-0.004829739201522898,2.3351030349731445,-33.408644104003905
1456,1575,2293760,35,41.54178762435913,1.0604403018951416,0.0001,340,0.1,0.07752532958984375,5.1170811474323274,1000.0,0.8517910242080688,0.9731125831604004,0.0018299564,-0.004826234266511164,2.5228235721588135,-33.382953596115115
1457,1618,2359296,36,42.11159300804138,1.042708396911621,0.0001,350,0.1,0.07582855224609375,4.960428023338318,1000.0,0.8579147458076477,0.9721921682357788,0.0017950671,-0.004643588316685055,2.523881435394287,-33.35654740333557
1460,1660,2424832,37,41.11797761917114,1.2128043174743652,0.0001,360,0.1,0.0768035888671875,4.600791245698929,1000.0,0.8659263849258423,0.9714463949203491,0.0017796457,-0.004705512296641246,2.388221025466919,-33.33402109146118
1462,1702,2490368,38,40.776785135269165,1.104564905166626,0.0001,370,0.1,0.0763519287109375,4.92303751707077,1000.0,0.8629984855651855,0.9710153341293335,0.0018168779,-0.0046782056131633,2.4817757606506348,-33.31759114265442
1465,1743,2555904,39,39.82448363304138,1.0483415126800537,0.0001,380,0.1,0.0711761474609375,4.777424693107605,1000.0,0.8685972690582275,0.9702234268188477,0.0019305036,-0.004527108423644677,2.3964121341705322,-33.30114531517029
1468,1785,2621440,40,40.77428889274597,1.0522689819335938,0.0001,390,0.1,0.0698638916015625,4.75334495306015,1000.0,0.8686460852622986,0.9698834419250488,0.0017230338,-0.00424979596718913,2.5196585655212402,-33.2854245185852
1469,1828,2686976,41,41.643303632736206,1.026824712753296,0.0001,400,0.1,0.0710296630859375,4.4081100702285765,1000.0,0.8760939836502075,0.968826174736023,0.0017711242,-0.0043728299424401484,2.219700574874878,-33.26572070121765
1470,1871,2752512,42,42.28853726387024,1.3019611835479736,0.0001,410,0.1,0.07122650146484374,4.46128985285759,1000.0,0.8799354434013367,0.9680343866348267,0.0018101383,-0.004346453538164497,2.1473093032836914,-33.24142751693726
1471,1914,2818048,43,42.1458203792572,1.0841732025146484,0.0001,420,0.1,0.0693572998046875,3.9797329932451246,1000.0,0.8853615522384644,0.9674110412597656,0.001838477,-0.004505038807110395,1.9810563325881958,-33.222354364395144
1472,1958,2883584,44,42.175774812698364,1.0761842727661133,0.0001,430,0.1,0.069683837890625,3.9529410511255265,1000.0,0.8865158557891846,0.9664878845214844,0.0018256144,-0.0047166028103674765,2.056342840194702,-33.20043601989746
1473,2001,2949120,45,42.24747657775879,1.088336706161499,0.0001,440,0.1,0.0576446533203125,4.271903556585312,1000.0,0.8828802704811096,0.9660718441009521,0.0015627427,-0.004012206227343995,2.128767490386963,-33.18296618461609
1474,2044,3014656,46,41.90959191322327,1.1054282188415527,0.0001,450,0.1,0.05941009521484375,3.9487922728061675,1000.0,0.8857865929603577,0.9655132293701172,0.0017564506,-0.004170545771194157,1.945296049118042,-33.16913156509399
1476,2086,3080192,47,41.141940116882324,1.0775253772735596,0.0001,460,0.1,0.06466522216796874,3.547923672199249,1000.0,0.8970706462860107,0.964711606502533,0.0017822811,-0.004319085029419511,1.757756233215332,-33.14885745048523
1476,2129,3145728,48,42.15272665023804,1.0764353275299072,0.0001,470,0.1,0.06673431396484375,4.060096797347069,1000.0,0.8804908394813538,0.9637632369995117,0.0017460673,-0.004208679514704272,2.0316624641418457,-33.1241708278656
1478,2172,3211264,49,41.111045598983765,1.2088890075683594,0.0001,480,0.1,0.05672607421875,3.8901275128126143,1000.0,0.8878458142280579,0.9630383253097534,0.0016280218,-0.0038161080577992835,2.037925958633423,-33.102151441574094
1482,2210,3276800,50,37.35853433609009,1.2861413955688477,0.0001,490,0.1,0.06812744140625,3.6415995836257933,1000.0,0.8984702825546265,0.9625958800315857,0.0018566396,-0.004412667818542104,1.7226948738098145,-33.085375452041625
1486,2248,3342336,51,36.78782916069031,1.2029187679290771,0.0001,500,0.1,0.0586334228515625,3.8021821796894075,1000.0,0.8961600065231323,0.9626580476760864,0.001593587,-0.0037194903314230034,1.8705501556396484,-33.079349756240845
1489,2288,3407872,52,38.27315044403076,1.1305193901062012,0.0001,510,0.1,0.06208038330078125,3.6122210174798965,1000.0,0.8963193297386169,0.9623513221740723,0.001640629,-0.004190156667027623,1.703140377998352,-33.07485485076904
1490,2330,3473408,53,41.37040948867798,1.174915075302124,0.0001,520,0.1,0.06458587646484375,4.055982792377472,1000.0,0.8939806222915649,0.9616507291793823,0.0017258775,-0.003951502908603288,2.066728353500366,-33.05967330932617
1491,2372,3538944,54,40.910170793533325,1.053178310394287,0.0001,530,0.1,0.06683807373046875,3.6927320450544356,1000.0,0.8983949422836304,0.9609543681144714,0.0016904274,-0.0040102750062942505,1.8340202569961548,-33.04105515480042
1492,2415,3604480,55,41.859081983566284,1.0494005680084229,0.0001,540,0.1,0.0565399169921875,3.9116135954856874,1000.0,0.8912150263786316,0.9603722095489502,0.001628987,-0.003605252150737215,1.8475362062454224,-33.02385315895081
1492,2458,3670016,56,41.600852966308594,1.0400567054748535,0.0001,550,0.1,0.06287994384765624,3.736729842424393,1000.0,0.8977027535438538,0.9595004320144653,0.0016396722,-0.0039110501980758276,1.8995416164398193,-33.00373477935791
1494,2500,3735552,57,40.8761088848114,1.1683781147003174,0.0001,560,0.1,0.05274810791015625,3.8534491628408434,1000.0,0.8963614106178284,0.9590088129043579,0.0016021791,-0.003818567734560929,1.9732369184494019,-32.98503303527832
1495,2542,3801088,58,40.77325749397278,1.0870764255523682,0.0001,570,0.1,0.06507110595703125,3.7463771879673002,1000.0,0.8982781767845154,0.9583088755607605,0.0016910611,-0.00402566214906983,1.805973768234253,-32.96988730430603
1496,2584,3866624,59,41.16342854499817,1.043358564376831,0.0001,580,0.1,0.05894317626953125,3.449940511584282,1000.0,0.9052375555038452,0.9575969576835632,0.0016534205,-0.0039682987029664215,1.807064175605774,-32.949578857421876
1499,2622,3932160,60,36.650482416152954,1.0492956638336182,0.0001,590,0.1,0.06418304443359375,3.2949055999517443,1000.0,0.9085848331451416,0.9572100639343262,0.001720031,-0.004130239867663477,1.586424469947815,-32.933943033218384
1501,2663,3997696,61,40.12155222892761,1.0515015125274658,0.0001,600,0.1,0.0577362060546875,3.5177128314971924,1000.0,0.9008076786994934,0.956767201423645,0.00160805,-0.003732892277184874,1.6736305952072144,-32.92115807533264
1501,2705,4063232,62,41.17215418815613,1.0721118450164795,0.0001,610,0.1,0.06450958251953125,3.1255448758602142,1000.0,0.9134840965270996,0.9560827016830444,0.0016358956,-0.0038201862727873957,1.643017053604126,-32.90487575531006
1502,2747,4128768,63,41.07938838005066,1.060455322265625,0.0001,620,0.1,0.05477447509765625,3.428969007730484,1000.0,0.9019916653633118,0.9557076692581177,0.0016328836,-0.0036087134620174767,1.63229238986969,-32.890335941314696
1503,2790,4194304,64,41.449957609176636,1.030778169631958,0.0001,630,0.1,0.05744171142578125,3.3486789792776106,1000.0,0.9028923511505127,0.9545618891716003,0.001714861,-0.003759394555527251,1.630947470664978,-32.86852822303772
1474,2889,4259840,65,41.75890278816223,1.0373680591583252,0.0001,640,0.1,0.066436767578125,2.909329906105995,1000.0,0.9173286557197571,0.9531974196434021,0.0018139675,-0.004360017346334644,1.3640594482421875,-32.833833360671996
1475,2930,4325376,66,40.00625920295715,57.74443054199219,0.0001,650,0.1,0.06545257568359375,3.387497955560684,1000.0,0.904758632183075,0.9523641467094421,0.0017117815,-0.004098350917047355,1.6421031951904297,-32.80438947677612
1477,2971,4390912,67,39.49573802947998,1.0427558422088623,0.0001,660,0.1,0.06298675537109374,3.1006226271390913,1000.0,0.911609947681427,0.9517771601676941,0.0017406757,-0.004185346480517183,1.4573181867599487,-32.786207056045534
1479,3012,4456448,68,39.8286771774292,1.0593721866607666,0.0001,670,0.1,0.060699462890625,3.3520563721656798,1000.0,0.9071850776672363,0.9505842924118042,0.0016726446,-0.003765419086266775,1.653937578201294,-32.762784814834596
1480,3053,4521984,69,40.37797212600708,1.2307672500610352,0.0001,680,0.1,0.059698486328125,3.279020592570305,1000.0,0.9105291366577148,0.9501134753227234,0.0016791975,-0.0037234421834000386,1.5925720930099487,-32.73998308181763
1482,3095,4587520,70,40.33192276954651,1.051687240600586,0.0001,690,0.1,0.066552734375,2.8895136773586274,1000.0,0.9172541499137878,0.9495058059692383,0.0016451417,-0.0043275738440570425,1.429526686668396,-32.72503237724304
1483,3136,4653056,71,40.60607981681824,1.0365815162658691,0.0001,700,0.1,0.05987548828125,3.028848421573639,1000.0,0.9148218035697937,0.9490038752555847,0.0016104275,-0.003655718403751962,1.45416259765625,-32.7097930431366
1484,3179,4718592,72,41.504181146621704,1.0392968654632568,0.0001,710,0.1,0.05757293701171875,3.2667743295431135,1000.0,0.9115958213806152,0.9484826922416687,0.0016687532,-0.0037348686542827635,1.603842854499817,-32.695408535003665
1484,3222,4784128,73,41.86432409286499,1.0568673610687256,0.0001,720,0.1,0.05928802490234375,3.1351289600133896,1000.0,0.9148806929588318,0.9481069445610046,0.001613137,-0.0037810621215612628,1.5270323753356934,-32.683283996582034
1486,3263,4849664,74,39.99997329711914,1.0522282123565674,0.0001,730,0.1,0.05986175537109375,3.373271879553795,1000.0,0.9106287360191345,0.947852611541748,0.0016161653,-0.003931058954185574,1.6913589239120483,-32.67339434623718
1487,3303,4915200,75,39.228676319122314,1.0946214199066162,0.0001,740,0.1,0.0576263427734375,3.164163625240326,1000.0,0.9126433730125427,0.9475135803222656,0.0016280424,-0.0038854527520015836,1.5247323513031006,-32.664707565307616
1488,3345,4980736,76,40.484496116638184,1.035463571548462,0.0001,750,0.1,0.05798187255859375,3.3418266981840135,1000.0,0.913399875164032,0.9470014572143555,0.0016930053,-0.003873291044146754,1.6483070850372314,-32.65247621536255
1490,3386,5046272,77,40.59425449371338,1.0306727886199951,0.0001,760,0.1,0.06544189453125,2.965541145205498,1000.0,0.9192836284637451,0.9463174343109131,0.0017387855,-0.004017598935752176,1.4326761960983276,-32.63643364906311
1490,3429,5111808,78,41.306684494018555,1.0572614669799805,0.0001,770,0.1,0.06295013427734375,2.9071090072393417,1000.0,0.9218879342079163,0.9455329179763794,0.0017231636,-0.004032073701091576,1.4502495527267456,-32.6161985874176
1492,3469,5177344,79,39.376211166381836,1.2032406330108643,0.0001,780,0.1,0.0666351318359375,2.9451112747192383,1000.0,0.9202155470848083,0.9448725581169128,0.0017280042,-0.004207250525359996,1.4333375692367554,-32.5958899974823
1493,3511,5242880,80,40.51140594482422,1.0318324565887451,0.0001,790,0.1,0.052496337890625,3.3895132303237916,1000.0,0.9145874977111816,0.9442110061645508,0.0016378254,-0.0034662549893255345,1.7036633491516113,-32.57739291191101
1494,3552,5308416,81,40.480247020721436,1.053502082824707,0.0001,800,0.1,0.06934661865234375,3.2409463316202163,1000.0,0.9179810881614685,0.9435502886772156,0.0017328686,-0.003965736419922905,1.657627820968628,-32.558078098297116
1494,3595,5373952,82,41.287846088409424,1.0651540756225586,0.0001,810,0.1,0.0605987548828125,3.3087410002946855,1000.0,0.9138113260269165,0.9429365992546082,0.0015854377,-0.003785193090152461,1.7426851987838745,-32.54117178916931
1495,3636,5439488,83,40.761624336242676,1.087024450302124,0.0001,820,0.1,0.06379547119140624,3.2184692502021788,1000.0,0.9175518155097961,0.9423706531524658,0.0017208573,-0.003931316634407267,1.5844981670379639,-32.524692392349245
1496,3677,5505024,84,39.78556299209595,1.1065306663513184,0.0001,830,0.1,0.06413726806640625,3.1145757526159286,1000.0,0.9195644855499268,0.9416790008544922,0.0017627564,-0.004016452075302368,1.5334596633911133,-32.50695352554321
1497,3719,5570560,85,40.241087436676025,1.0510270595550537,0.0001,840,0.1,0.057171630859375,3.2154445081949232,1000.0,0.9190129637718201,0.941088855266571,0.0016396757,-0.0037831415320397355,1.670393705368042,-32.48994541168213
1498,3759,5636096,86,39.833820819854736,1.0122931003570557,0.0001,850,0.1,0.057073974609375,3.2505569756031036,1000.0,0.9174449443817139,0.9407252073287964,0.0015656659,-0.004117242251231801,1.6202951669692993,-32.477672529220584
1499,3801,5701632,87,40.05944037437439,1.0519921779632568,0.0001,860,0.1,0.0585723876953125,3.227957400679588,1000.0,0.9194148778915405,0.940284252166748,0.0016765965,-0.0036629111957154235,1.4909238815307617,-32.465313053131105
1501,3841,5767168,88,39.3049795627594,1.0432753562927246,0.0001,870,0.1,0.0592193603515625,3.4640090584754946,1000.0,0.9146597385406494,0.9396132230758667,0.0015697423,-0.0036408348474651574,1.6987438201904297,-32.44811277389526
1502,3882,5832704,89,39.86368465423584,1.0540564060211182,0.0001,880,0.1,0.0657196044921875,3.2291808009147642,1000.0,0.9194587469100952,0.9390131831169128,0.0017632258,-0.004141582167358137,1.618759036064148,-32.4321524143219
1503,3923,5898240,90,39.62206673622131,1.054079532623291,0.0001,890,0.1,0.05930328369140625,2.976549780368805,1000.0,0.9247886538505554,0.938373327255249,0.0015775826,-0.0038523272902239113,1.5438934564590454,-32.41331567764282
1504,3963,5963776,91,39.65690064430237,1.0548133850097656,0.0001,900,0.1,0.05549163818359375,3.3352100372314455,1000.0,0.9175283312797546,0.9376062750816345,0.001624488,-0.003533024484931957,1.7175060510635376,-32.395338678359984
1505,4004,6029312,92,39.65544891357422,1.0364668369293213,0.0001,910,0.1,0.06075897216796875,3.079032787680626,1000.0,0.9216210246086121,0.9372102618217468,0.001661361,-0.0038179700801265425,1.6526905298233032,-32.37738461494446
1506,4044,6094848,93,39.079882860183716,1.0149083137512207,0.0001,920,0.1,0.0628326416015625,3.1547096103429793,1000.0,0.9228084087371826,0.9372686147689819,0.001657701,-0.003945207613287494,1.572269082069397,-32.37167501449585
1508,4085,6160384,94,39.40125131607056,1.067568063735962,0.0001,930,0.1,0.06201171875,2.6806867986917498,1000.0,0.9336643815040588,0.9365541934967041,0.0017881029,-0.004186175469658338,1.3390862941741943,-32.36025333404541
1508,4125,6225920,95,39.94476389884949,1.0377888679504395,0.0001,940,0.1,0.06021728515625,3.289409598708153,1000.0,0.9201200604438782,0.9362642168998718,0.0016704279,-0.0038313797558657825,1.7008936405181885,-32.345644044876096
1509,4167,6291456,96,40.0581328868866,1.0540275573730469,0.0001,950,0.1,0.05887451171875,2.828784790635109,1000.0,0.930169939994812,0.9354968070983887,0.0016261926,-0.003807331182179041,1.375447154045105,-32.33163380622864
1511,4206,6356992,97,38.082993507385254,1.0642116069793701,0.0001,960,0.1,0.05824127197265625,2.8910866647958757,1000.0,0.9288490414619446,0.9349201917648315,0.0015935616,-0.0035781361686531453,1.5248383283615112,-32.31302208900452
1512,4246,6422528,98,39.16742539405823,1.061476469039917,0.0001,970,0.1,0.05852508544921875,2.9127724140882494,1000.0,0.9282092452049255,0.9339186549186707,0.0016897065,-0.0039043530137860215,1.391811490058899,-32.2913782119751
1513,4287,6488064,99,39.47441744804382,1.050370693206787,0.0001,980,0.1,0.0585906982421875,3.3813573330640794,1000.0,0.9243130087852478,0.933046817779541,0.0016164983,-0.0037286957740434445,1.6612880229949951,-32.264786338806154
1514,4327,6553600,100,39.649386167526245,1.0687286853790283,0.0001,990,0.1,0.06402130126953125,2.944273290038109,1000.0,0.9256458282470703,0.931804358959198,0.0017879178,-0.0042850982950767506,1.3531163930892944,-32.23630790710449
1515,4368,6619136,101,40.19415283203125,1.03602933883667,0.0001,1000,0.1,0.07185211181640624,3.032471588253975,1000.0,0.9266342520713806,0.9316847324371338,0.0018135397,-0.004231089747918304,1.5258857011795044,-32.21683330535889
1515,4409,6684672,102,39.83315348625183,1.0456771850585938,0.0001,1010,0.1,0.06772918701171875,2.635261410474777,1000.0,0.9354949593544006,0.9311060905456543,0.0017901456,-0.004490562123828567,1.1956403255462646,-32.20624480247498
1516,4450,6750208,103,39.207982778549194,1.0343821048736572,0.0001,1020,0.1,0.0595245361328125,3.0099120825529098,1000.0,0.9268723130226135,0.9305664896965027,0.0017052358,-0.003791464324604021,1.4773480892181396,-32.189738273620605
1517,4491,6815744,104,39.99799370765686,1.0646026134490967,0.0001,1030,0.1,0.06288604736328125,3.130654960870743,1000.0,0.9255591034889221,0.9301521182060242,0.0016310038,-0.003989020343578886,1.5478039979934692,-32.17551565170288
1518,4532,6881280,105,40.683722257614136,1.0349385738372803,0.0001,1040,0.1,0.05549468994140625,3.137128561735153,1000.0,0.9300267100334167,0.9298312067985535,0.0016095685,-0.003543422980874311,1.533851146697998,-32.16468853950501
1519,4572,6946816,106,38.71812963485718,1.0678343772888184,0.0001,1050,0.1,0.06720123291015626,3.297698274254799,1000.0,0.9249635934829712,0.9293012619018555,0.0017781755,-0.0040478455659467725,1.5049939155578613,-32.15144543647766
1520,4613,7012352,107,39.29993987083435,1.0598540306091309,0.0001,1060,0.1,0.0695281982421875,2.9748429656028748,1000.0,0.9316943883895874,0.9286624789237976,0.001812067,-0.0037991269273334183,1.461382269859314,-32.13455090522766
1520,4653,7077888,108,39.81550717353821,1.033423662185669,0.0001,1070,0.1,0.06222381591796875,2.872710320353508,1000.0,0.9315859079360962,0.9279381036758423,0.0017203009,-0.004012258790316992,1.3744417428970337,-32.11351933479309
1521,4695,7143424,109,40.183520555496216,1.0381526947021484,0.0001,1080,0.1,0.0704010009765625,2.60886392891407,1000.0,0.9373974204063416,0.9265140295028687,0.0017944728,-0.004363907952210866,1.1984201669692993,-32.08178582191467
1522,4735,7208960,110,39.5706684589386,1.0621674060821533,0.0001,1090,0.1,0.07656402587890625,2.7348502427339554,1000.0,0.9373544454574585,0.9259900450706482,0.0018761146,-0.0043410376907559115,1.3701263666152954,-32.05504322052002
1523,4774,7274496,111,37.85893893241882,1.0379831790924072,0.0001,1100,0.1,0.0601043701171875,2.832407885789871,1000.0,0.934492826461792,0.9252760410308838,0.0016389984,-0.003980771385249682,1.4225302934646606,-32.03670468330383
1524,4815,7340032,112,39.661476612091064,1.0345308780670166,0.0001,1110,0.1,0.0645721435546875,3.0147169440984727,1000.0,0.9320462942123413,0.9246114492416382,0.0017911871,-0.004152361568412743,1.4548208713531494,-32.01741075515747
1525,4855,7405568,113,39.58387279510498,1.0388996601104736,0.0001,1120,0.1,0.061810302734375,3.085414859652519,1000.0,0.9334539771080017,0.9245578646659851,0.0016911724,-0.003598638491530437,1.511042594909668,-32.008362436294554
1525,4897,7471104,114,40.81167387962341,1.0750937461853027,0.0001,1130,0.1,0.0603607177734375,3.4665142416954042,1000.0,0.924075722694397,0.9243761897087097,0.0017581504,-0.003583177355903899,1.626877784729004,-32.00520887374878
1525,4939,7536640,115,40.976463079452515,1.0359854698181152,0.0001,1140,0.1,0.06503143310546874,2.9400799214839934,1000.0,0.9344279170036316,0.9233409762382507,0.0016785376,-0.0037783605279400946,1.4810988903045654,-31.985772204399108
1526,4981,7602176,116,40.69884395599365,1.0461502075195312,0.0001,1150,0.1,0.06431121826171875,3.0655342757701876,1000.0,0.9318616390228271,0.9225234985351562,0.0016739035,-0.0038931118411710485,1.6278717517852783,-31.959615755081177
1526,5022,7667712,117,40.23636603355408,1.061753511428833,0.0001,1160,0.1,0.06260223388671875,3.176009917259216,1000.0,0.9312272667884827,0.9218320250511169,0.0016969044,-0.003825600711570587,1.4618535041809082,-31.940250849723817
1526,5064,7733248,118,40.69232749938965,1.0408799648284912,0.0001,1170,0.1,0.06071014404296875,3.1285953521728516,1000.0,0.9287918210029602,0.9212283492088318,0.0016511326,-0.003686672158073634,1.4907041788101196,-31.92134463787079
1527,5106,7798784,119,40.473870038986206,1.0450387001037598,0.0001,1180,0.1,0.07097320556640625,3.2183419078588487,1000.0,0.9334331750869751,0.9206103086471558,0.0017767746,-0.0036905999884766063,1.6338746547698975,-31.90366566181183
1527,5147,7864320,120,40.62521481513977,1.0308845043182373,0.0001,1190,0.1,0.0591278076171875,3.2978423327207564,1000.0,0.9324245452880859,0.9197084903717041,0.0016469229,-0.003610551019664854,1.6313532590866089,-31.882139992713928
1528,5189,7929856,121,40.4347128868103,1.0591154098510742,0.0001,1200,0.1,0.06259918212890625,2.546489977836609,1000.0,0.9438895583152771,0.9189302325248718,0.0018704156,-0.004030645959574031,1.2282739877700806,-31.859398460388185
1528,5230,7995392,122,40.3688223361969,1.0392134189605713,0.0001,1210,0.1,0.06727752685546876,2.8334632217884064,1000.0,0.9376316666603088,0.9183735847473145,0.0018624538,-0.0038640808139462023,1.3652809858322144,-31.839967608451843
1528,5272,8060928,123,41.01643395423889,1.026900053024292,0.0001,1220,0.1,0.0577239990234375,3.3757213681936262,1000.0,0.9319223165512085,0.9177298545837402,0.0015664778,-0.003505924274213612,1.6706117391586304,-31.822377038002013
1529,5314,8126464,124,41.01077055931091,1.0294253826141357,0.0001,1230,0.1,0.059320068359375,3.0967004001140594,1000.0,0.9355114698410034,0.91679847240448,0.0018071254,-0.003830208610452246,1.4657775163650513,-31.799048757553102
1528,5358,8192000,125,42.397629261016846,1.040607213973999,0.0001,1240,0.1,0.0633392333984375,3.2046904981136324,1000.0,0.9312081933021545,0.9161476492881775,0.001738887,-0.0038309732000925576,1.6390684843063354,-31.77833354473114
1528,5400,8257536,126,41.67431592941284,1.0352263450622559,0.0001,1250,0.1,0.05556182861328125,3.4187862247228624,1000.0,0.9326561093330383,0.9156729578971863,0.0016574654,-0.0036896390491165222,1.6539278030395508,-31.76314768791199
1528,5444,8323072,127,42.220508098602295,1.0238475799560547,0.0001,1260,0.1,0.06561279296875,2.6980454683303834,1000.0,0.9426742792129517,0.9148702621459961,0.001792737,-0.0038578821739065463,1.242943525314331,-31.74358434677124
1529,5485,8388608,128,40.281983852386475,1.002138614654541,0.0001,1270,0.1,0.06024322509765625,2.905178627371788,1000.0,0.9408341646194458,0.9137195348739624,0.0015994946,-0.0039685992698650805,1.5105184316635132,-31.71640372276306
1513,5584,8454144,129,41.24326682090759,1.0312306880950928,0.0001,1280,0.1,0.06310577392578125,3.111338344216347,1000.0,0.9366065859794617,0.9129063487052917,0.0016916953,-0.003868936133221723,1.5801324844360352,-31.68817093372345
1514,5625,8519680,130,39.814393520355225,57.96736264228821,0.0001,1290,0.1,0.05983123779296875,3.2146670281887055,1000.0,0.9374804496765137,0.9121067523956299,0.0016435573,-0.003659867570968345,1.5348200798034668,-31.665933394432066
1515,5666,8585216,131,39.8319787979126,1.0381252765655518,0.0001,1300,0.1,0.0670257568359375,3.1583733707666397,1000.0,0.9385874271392822,0.9118751883506775,0.0017390996,-0.0041362766933161765,1.5344960689544678,-31.65040111541748
1515,5707,8650752,132,39.63273072242737,1.029860258102417,0.0001,1310,0.1,0.0579681396484375,2.769909772276878,1000.0,0.9411603212356567,0.9111202955245972,0.0016828601,-0.0038906433153897526,1.2821508646011353,-31.635503244400024
1516,5747,8716288,133,39.84018659591675,1.042954444885254,0.0001,1320,0.1,0.06782989501953125,3.0980068922042845,1000.0,0.9404294490814209,0.9097428321838379,0.0016744926,-0.004048125894041732,1.4420095682144165,-31.603942036628723
1517,5788,8781824,134,39.66609454154968,1.2569329738616943,0.0001,1330,0.1,0.05471954345703125,3.1018041521310806,1000.0,0.9357931613922119,0.9094467163085938,0.0017219286,-0.003397526613844093,1.3525991439819336,-31.579865026474
1517,5829,8847360,135,39.628936767578125,1.0741639137268066,0.0001,1340,0.1,0.06956024169921875,2.9606562167406083,1000.0,0.9393203258514404,0.9083902835845947,0.0017856134,-0.003891585851670243,1.482169508934021,-31.560671901702882
1518,5870,8912896,136,39.69278860092163,1.0362412929534912,0.0001,1350,0.1,0.06409912109375,3.5030269801616667,1000.0,0.9327121376991272,0.9082366824150085,0.0016789541,-0.0036517816173727625,1.596900463104248,-31.543758392333984
1518,5910,8978432,137,39.56751227378845,1.0395665168762207,0.0001,1360,0.1,0.0623046875,3.2994062185287474,1000.0,0.933076798915863,0.9071851968765259,0.0016077609,-0.003879352461080998,1.5934189558029175,-31.527111291885376
1519,5951,9043968,138,39.127527475357056,1.0729646682739258,0.0001,1370,0.1,0.0603271484375,3.0736800611019133,1000.0,0.9368782639503479,0.9071229696273804,0.0017426889,-0.0035974721919046714,1.6143465042114258,-31.51025261878967
1520,5991,9109504,139,39.30724620819092,1.0313780307769775,0.0001,1380,0.1,0.0595062255859375,3.071510675549507,1000.0,0.9404281377792358,0.9061188697814941,0.0017096343,-0.003867396341956919,1.583066463470459,-31.495416808128358
1521,6032,9175040,140,39.59398674964905,1.028496503829956,0.0001,1390,0.1,0.06697845458984375,3.267655259370804,1000.0,0.9372496008872986,0.905280351638794,0.0017074491,-0.003815642664267216,1.5377289056777954,-31.469867825508118
1521,6072,9240576,141,39.79104948043823,1.026273488998413,0.0001,1400,0.1,0.064178466796875,2.951902151107788,1000.0,0.942230224609375,0.9046095609664917,0.0017155493,-0.003911862866516458,1.5213127136230469,-31.448556423187256
1522,6114,9306112,142,40.36267280578613,1.0349013805389404,0.0001,1410,0.1,0.0661102294921875,2.9363288670778274,1000.0,0.9423792958259583,0.9037439227104187,0.0017177539,-0.00405192015459761,1.4667978286743164,-31.42715117931366
1522,6154,9371648,143,39.266030073165894,1.0314879417419434,0.0001,1420,0.1,0.068017578125,3.1805167466402056,1000.0,0.9376556277275085,0.9031449556350708,0.0018627569,-0.0038774453263613396,1.5483061075210571,-31.40457935333252
1523,6195,9437184,144,39.58097958564758,1.2195053100585938,0.0001,1430,0.1,0.06376800537109376,3.0796388655900957,1000.0,0.9397580623626709,0.9020439386367798,0.0017764872,-0.0038725695296307093,1.642622470855713,-31.38096878528595
1523,6236,9502720,145,40.11214518547058,1.046532392501831,0.0001,1440,0.1,0.06690673828125,2.771900844573975,1000.0,0.9480681419372559,0.9009981155395508,0.0017992008,-0.004095282142225187,1.2934199571609497,-31.352481389045714
1524,6278,9568256,146,40.579296588897705,1.0378515720367432,0.0001,1450,0.1,0.06120147705078125,3.005588114261627,1000.0,0.940161943435669,0.9001541137695312,0.0017602085,-0.0038611617783317342,1.3299622535705566,-31.32640423774719
1524,6318,9633792,147,39.70750951766968,1.0659592151641846,0.0001,1460,0.1,0.06397705078125,3.2400116205215452,1000.0,0.9385369420051575,0.8996433019638062,0.0017684745,-0.0038465965881187003,1.4283311367034912,-31.305583477020264
1525,6359,9699328,148,39.90697956085205,1.0259559154510498,0.0001,1470,0.1,0.0625640869140625,3.0577997356653213,1000.0,0.9420591592788696,0.8986924886703491,0.0017355839,-0.003699362989573274,1.4395745992660522,-31.2855003118515
1526,6398,9764864,149,37.82111740112305,1.044987440109253,0.0001,1480,0.1,0.058013916015625,2.881064447760582,1000.0,0.9486173987388611,0.8976843357086182,0.0017130962,-0.003763387544313446,1.4388601779937744,-31.256110763549806
1526,6438,9830400,150,38.58703303337097,1.0663464069366455,0.0001,1490,0.1,0.05782623291015625,3.020520305633545,1000.0,0.9449434876441956,0.8972492218017578,0.0017522443,-0.0037925193493720142,1.586661458015442,-31.23435447216034
1527,6478,9895936,151,39.003584146499634,1.067856788635254,0.0001,1500,0.1,0.0602508544921875,3.0926739305257795,1000.0,0.938742995262146,0.8965511322021484,0.0016579113,-0.0037800646299729125,1.4843488931655884,-31.21682515144348
1527,6519,9961472,152,39.93853163719177,1.0615794658660889,0.0001,1510,0.1,0.069970703125,2.893381303548813,1000.0,0.9453190565109253,0.8959155082702637,0.0017868645,-0.004281306711345678,1.5194354057312012,-31.198065853118898
1528,6560,10027008,153,40.30301570892334,1.0292837619781494,0.0001,1520,0.1,0.06976470947265626,3.1950697243213653,1000.0,0.9407965540885925,0.8952848315238953,0.0017712857,-0.003909629152622074,1.762215495109558,-31.17863173484802
1528,6601,10092544,154,39.70825433731079,1.0453369617462158,0.0001,1530,0.1,0.06679840087890625,3.220749208331108,1000.0,0.9396433234214783,0.894648551940918,0.0017649978,-0.004006388863490429,1.4754889011383057,-31.160099220275878
1529,6642,10158080,155,40.036343574523926,1.1085007190704346,0.0001,1540,0.1,0.06459197998046876,3.412203612923622,1000.0,0.9379650950431824,0.893772542476654,0.0016563041,-0.0037709149459260517,1.583040714263916,-31.137792825698853
1529,6684,10223616,156,40.593546628952026,1.0713450908660889,0.0001,1550,0.1,0.06572418212890625,3.282659414410591,1000.0,0.9369665384292603,0.8930740356445312,0.0018057227,-0.004084031521051657,1.4512345790863037,-31.113906478881837
1529,6725,10289152,157,40.138625144958496,1.0630698204040527,0.0001,1560,0.1,0.0657440185546875,2.902938425540924,1000.0,0.9433984160423279,0.8924645185470581,0.0017519735,-0.004062796919606626,1.3867181539535522,-31.094579100608826
1530,6766,10354688,158,40.062827825546265,1.0396480560302734,0.0001,1570,0.1,0.06917724609375,2.9220775455236434,1000.0,0.944133460521698,0.8915942907333374,0.0017886704,-0.004206945693294983,1.3980299234390259,-31.07235951423645
1530,6807,10420224,159,40.2197470664978,1.0388617515563965,0.0001,1580,0.1,0.06930389404296874,3.4107290118932725,1000.0,0.9350403547286987,0.8912191390991211,0.001789117,-0.00399062960932497,1.6386505365371704,-31.05270161628723
1530,6849,10485760,160,40.29289221763611,1.0461502075195312,0.0001,1590,0.1,0.06153564453125,2.880264949798584,1000.0,0.945530354976654,0.8906924724578857,0.0017024474,-0.003888304822612554,1.4975444078445435,-31.038488602638246
1531,6891,10551296,161,40.789005279541016,1.0433731079101562,0.0001,1600,0.1,0.06682281494140625,3.0399070560932158,1000.0,0.9432565569877625,0.8899407386779785,0.001752845,-0.00397105033043772,1.5060875415802002,-31.021060371398924
1531,6932,10616832,162,40.63335609436035,1.0800020694732666,0.0001,1610,0.1,0.0614776611328125,2.975590905547142,1000.0,0.9485647678375244,0.8891702890396118,0.0016984773,-0.003914893069304526,1.4096564054489136,-30.998937845230103
1531,6973,10682368,163,39.77223515510559,1.0476856231689453,0.0001,1620,0.1,0.06121368408203125,3.319901257753372,1000.0,0.9420162439346313,0.8887193202972412,0.0016969693,-0.003810108726611361,1.7038768529891968,-30.982485914230345
1531,7016,10747904,164,41.92665958404541,1.0405850410461426,0.0001,1630,0.1,0.06464996337890624,3.32390818297863,1000.0,0.9407777190208435,0.8884954452514648,0.0017605936,-0.0035681524910614825,1.6366446018218994,-30.972825384140016
1531,7060,10813440,165,41.54718494415283,1.929692268371582,0.0001,1640,0.1,0.06787872314453125,3.3391396403312683,1000.0,0.9411060214042664,0.8881145715713501,0.0018623528,-0.003778754672384821,1.7146668434143066,-30.964127683639525
1531,7103,10878976,166,41.78453850746155,1.2390375137329102,0.0001,1650,0.1,0.0699249267578125,2.8093343764543532,1000.0,0.948935329914093,0.8880162239074707,0.0017922907,-0.0041443830981734205,1.438146710395813,-30.9565438747406
1531,7146,10944512,167,42.159645557403564,1.2391388416290283,0.0001,1660,0.1,0.0648590087890625,3.1468737423419952,1000.0,0.9439131021499634,0.8875064253807068,0.0017387855,-0.003928685377468355,1.4926894903182983,-30.947415900230407
1531,7191,11010048,168,43.66499710083008,1.2021963596343994,0.0001,1670,0.1,0.05795440673828125,2.9757899224758146,1000.0,0.9470661282539368,0.8871219158172607,0.0016561437,-0.0038410983950598167,1.6094022989273071,-30.931011390686034
1530,7238,11075584,169,45.60492491722107,1.745279312133789,0.0001,1680,0.1,0.0563446044921875,3.758518096804619,1000.0,0.9356486201286316,0.8867779970169067,0.0015957812,-0.003577716437575873,1.9452033042907715,-30.91990671157837
1529,7285,11141120,170,45.602455615997314,1.53255295753479,0.0001,1690,0.1,0.059967041015625,3.5002791434526443,1000.0,0.9391717314720154,0.8863236308097839,0.0016400253,-0.0037780400321935303,1.6869144439697266,-30.908149862289427
1528,7331,11206656,171,44.69519114494324,1.2507338523864746,0.0001,1700,0.1,0.06815643310546875,2.9977272897958755,1000.0,0.9459192752838135,0.8850259184837341,0.0017781039,-0.004100449066027067,1.441476821899414,-30.882050395011902
1528,7376,11272192,172,43.88619112968445,1.1723463535308838,0.0001,1710,0.1,0.062664794921875,3.0698151707649233,1000.0,0.9444681406021118,0.8849955797195435,0.00170643,-0.003794838475732831,1.406700849533081,-30.86387264728546
1527,7422,11337728,173,44.18374538421631,1.2405304908752441,0.0001,1720,0.1,0.06090240478515625,3.5649820894002913,1000.0,0.937749445438385,0.8842428922653198,0.002007633,-0.003745134540804429,1.6967391967773438,-30.85281193256378
1527,7467,11403264,174,43.696772813797,1.1875946521759033,0.0001,1730,0.1,0.05948944091796875,3.273155191540718,1000.0,0.9458242654800415,0.8837718963623047,0.00170024,-0.0037318239017622547,1.454422950744629,-30.834742379188537
1527,7510,11468800,175,42.10657978057861,1.2113564014434814,0.0001,1740,0.1,0.0611358642578125,2.9987580716609954,1000.0,0.9443138241767883,0.883280873298645,0.0017213796,-0.003985270102566574,1.3610384464263916,-30.821062636375427
1526,7555,11534336,176,43.945635080337524,1.3291130065917969,0.0001,1750,0.1,0.06350555419921874,3.161023661494255,1000.0,0.9435036778450012,0.8825964331626892,0.001782571,-0.003943111219268758,1.5730469226837158,-30.803331041336058
1526,7600,11599872,177,43.39630436897278,1.2019529342651367,0.0001,1760,0.1,0.0673492431640625,2.9243883162736894,1000.0,0.9486629366874695,0.8816868662834167,0.0017027543,-0.0041109903759206645,1.4615156650543213,-30.781396746635437
1525,7645,11665408,178,44.00401782989502,1.2311451435089111,0.0001,1770,0.1,0.070025634765625,3.3140337854623794,1000.0,0.9423435926437378,0.881148099899292,0.0017963189,-0.0038833006285130976,1.723556399345398,-30.761215996742248
1525,7687,11730944,179,40.713034868240356,1.4276349544525146,0.0001,1780,0.1,0.0664947509765625,3.815288934111595,1000.0,0.936029851436615,0.8800582885742188,0.001751545,-0.003815171528549399,1.9223253726959229,-30.73830819129944
1526,7729,11796480,180,41.06168532371521,1.1742947101593018,0.0001,1790,0.1,0.0650970458984375,3.1243397891521454,1000.0,0.9459172487258911,0.8796947002410889,0.0017248031,-0.004217282556055579,1.5530282258987427,-30.716194725036623
1526,7771,11862016,181,40.07636117935181,1.1795613765716553,0.0001,1800,0.1,0.06775970458984375,3.313515618443489,1000.0,0.9411671161651611,0.8787708282470703,0.001852042,-0.00417707726592198,1.618126392364502,-30.698085522651674
1526,7813,11927552,182,40.81579637527466,1.1513385772705078,0.0001,1810,0.1,0.0608917236328125,3.5437517374753953,1000.0,0.9406356811523438,0.8785536289215088,0.0016615554,-0.003571650405501714,1.723683476448059,-30.681040143966676
1526,7854,11993088,183,40.07986497879028,1.1698353290557861,0.0001,1820,0.1,0.06394500732421875,3.4124701738357546,1000.0,0.9427587985992432,0.8779762983322144,0.0017680689,-0.00399990767109557,1.6082298755645752,-30.667863178253175
1527,7894,12058624,184,38.99596428871155,1.0963528156280518,0.0001,1830,0.1,0.06075592041015625,3.1722519636154174,1000.0,0.951164960861206,0.8764691352844238,0.0017401923,-0.0038423444580985232,1.7125096321105957,-30.63896973133087
1527,7934,12124160,185,39.25608849525452,1.2258801460266113,0.0001,1840,0.1,0.06990814208984375,3.6686577767133715,1000.0,0.9420273900032043,0.8757397532463074,0.0017881987,-0.00370928468182683,1.8184460401535034,-30.60560381412506
1528,7975,12189696,186,38.88888740539551,1.2494337558746338,0.0001,1850,0.1,0.0588104248046875,4.2001577615737915,1000.0,0.9345197081565857,0.8752446174621582,0.001625745,-0.0037344018390285784,2.0324032306671143,-30.58708827495575
1528,8015,12255232,187,39.220526456832886,1.198418140411377,0.0001,1860,0.1,0.06036224365234375,3.650660273432732,1000.0,0.9375834465026855,0.8744835257530212,0.0018557995,-0.0037158308128709904,1.6904221773147583,-30.569209480285643
1529,8053,12320768,188,36.39167141914368,1.4979395866394043,0.0001,1870,0.1,0.06226348876953125,3.488213488459587,1000.0,0.9420374631881714,0.8747458457946777,0.0018558883,-0.003754998322983738,1.6985870599746704,-30.560483741760255
1530,8091,12386304,189,36.78452944755554,1.1598732471466064,0.0001,1880,0.1,0.0618133544921875,3.7888347417116166,1000.0,0.9380791187286377,0.8742984533309937,0.0017203572,-0.0038574641323066315,1.9302304983139038,-30.555519342422485
1531,8128,12451840,190,36.43408441543579,1.1613070964813232,0.0001,1890,0.1,0.0744842529296875,3.011995700001717,1000.0,0.9497106075286865,0.8733245730400085,0.0018579478,-0.0038669980742270125,1.4564272165298462,-30.534954524040224
1532,8166,12517376,191,36.359593629837036,1.1826839447021484,0.0001,1900,0.1,0.06266632080078124,3.2733315140008927,1000.0,0.9449620842933655,0.8724438548088074,0.001810883,-0.003879639023216441,1.538944125175476,-30.506776881217956
1533,8203,12582912,192,36.12160515785217,1.193840503692627,0.0001,1910,0.1,0.06693878173828124,3.5745272904634477,1000.0,0.9412387013435364,0.871957004070282,0.0017375647,-0.00393372907419689,1.696529507637024,-30.485650372505187
1523,8300,12648448,193,35.99598550796509,1.1489474773406982,0.0001,1920,0.1,0.071319580078125,3.9183165580034256,1000.0,0.9384028315544128,0.8708993792533875,0.0018266805,-0.004081482251058333,1.9462822675704956,-30.46237313747406
1524,8338,12713984,194,36.267958879470825,60.932862520217896,0.0001,1930,0.1,0.06842041015625,3.50188795030117,1000.0,0.9459589123725891,0.87021803855896,0.0018079502,-0.00421661204600241,1.670703411102295,-30.435306549072266
1525,8375,12779520,195,36.419710636138916,1.180495023727417,0.0001,1940,0.1,0.06291046142578124,4.008812788128853,1000.0,0.9381036162376404,0.8693864345550537,0.0017697723,-0.0038616755424300208,1.9013094902038574,-30.41396622657776
1526,8413,12845056,196,36.93001842498779,1.1082050800323486,0.0001,1950,0.1,0.06657562255859376,3.65034841299057,1000.0,0.9406221508979797,0.8689408302307129,0.0017244127,-0.003766973449091893,1.9475229978561401,-30.393814349174498
1527,8451,12910592,197,36.5251202583313,1.1456811428070068,0.0001,1960,0.1,0.0682098388671875,3.386898586153984,1000.0,0.9461243152618408,0.8685269355773926,0.001744273,-0.003911321995838079,1.6480625867843628,-30.38215582370758
1528,8489,12976128,198,36.690284967422485,1.1086058616638184,0.0001,1970,0.1,0.065570068359375,3.739548605680466,1000.0,0.9391405582427979,0.8673886060714722,0.0016889826,-0.003848738047236111,1.973162055015564,-30.35597379207611
1529,8526,13041664,199,36.22668981552124,1.14613938331604,0.0001,1980,0.1,0.07375335693359375,3.5338071793317796,1000.0,0.9439394474029541,0.8672177195549011,0.0018146368,-0.004100293802912347,1.6769742965698242,-30.334680104255675
1530,8563,13107200,200,36.14000678062439,1.1973004341125488,0.0001,1990,0.1,0.07119903564453126,3.758292645215988,1000.0,0.9417507648468018,0.8667405843734741,0.0017329659,-0.003785190879716538,2.0146141052246094,-30.32403678894043
1531,8601,13172736,201,36.438737630844116,1.137627363204956,0.0001,2000,0.1,0.05667877197265625,3.9173641383647917,1000.0,0.9401125311851501,0.8661212921142578,0.0017101311,-0.003611242304032203,1.9175381660461426,-30.308599162101746
1532,8639,13238272,202,36.71579670906067,1.1795361042022705,0.0001,2010,0.1,0.06508636474609375,3.5737709760665894,1000.0,0.9432291388511658,0.8657967448234558,0.001747442,-0.0039310063628363425,1.7841185331344604,-30.294621324539186
1533,8677,13303808,203,36.70751667022705,1.1291275024414062,0.0001,2020,0.1,0.0620513916015625,3.2884914189577104,1000.0,0.9465530514717102,0.865493655204773,0.0018381797,-0.0038635611213976516,1.8225139379501343,-30.285923266410826
1534,8714,13369344,204,36.025283336639404,1.117837905883789,0.0001,2030,0.1,0.06673736572265625,4.052514812350273,1000.0,0.9391970634460449,0.8653100728988647,0.0016891536,-0.0037834547154488975,1.9194347858428955,-30.277961254119873
1535,8752,13434880,205,36.495943546295166,1.1740362644195557,0.0001,2040,0.1,0.055413818359375,4.32976955473423,1000.0,0.9288827180862427,0.8650684356689453,0.0017357144,-0.003177984181093052,2.110562562942505,-30.27002880573273
1535,8789,13500416,206,36.403271198272705,1.1092422008514404,0.0001,2050,0.1,0.06546630859375,3.2360336601734163,1000.0,0.9456460475921631,0.8642109632492065,0.0017535712,-0.004033742207684554,1.5961259603500366,-30.25302836894989
1536,8827,13565952,207,36.45434546470642,1.1961495876312256,0.0001,2060,0.1,0.06070404052734375,3.8339177548885344,1000.0,0.9378287196159363,0.8633517026901245,0.0016587165,-0.003917282923066523,1.7662960290908813,-30.226437544822694
1537,8864,13631488,208,36.34507393836975,1.1478190422058105,0.0001,2070,0.1,0.07022857666015625,3.6234945088624952,1000.0,0.9422863125801086,0.8623946905136108,0.0018363389,-0.004140430341067258,1.6251972913742065,-30.20022096633911
1538,8902,13697024,209,36.48203206062317,1.165093183517456,0.0001,2080,0.1,0.0615234375,3.6522999167442323,1000.0,0.9439854025840759,0.8615355491638184,0.001738647,-0.003756717420765199,1.910555362701416,-30.172901225090026
1539,8939,13762560,210,36.32339525222778,1.251683235168457,0.0001,2090,0.1,0.06358184814453124,3.817341777682304,1000.0,0.9421833157539368,0.8613430857658386,0.0016156014,-0.0037015277179307305,1.8782336711883545,-30.15507764816284
1540,8977,13828096,211,36.34745812416077,1.1825945377349854,0.0001,2100,0.1,0.07301483154296876,4.0936864703893665,1000.0,0.9374321699142456,0.8613861799240112,0.001792093,-0.0036904756518197244,2.036898612976074,-30.15281822681427
1541,9015,13893632,212,36.33947992324829,1.2159321308135986,0.0001,2110,0.1,0.06231536865234375,3.7780452370643616,1000.0,0.9389504194259644,0.8612388968467712,0.0016989512,-0.0038050844028475693,1.9903221130371094,-30.149876475334167
1541,9052,13959168,213,36.760451793670654,1.122424840927124,0.0001,2120,0.1,0.0712860107421875,4.072963753342629,1000.0,0.9348618984222412,0.8606687784194946,0.001833326,-0.004105786689615342,2.060929298400879,-30.138501954078674
1542,9090,14024704,214,36.15088200569153,1.185781478881836,0.0001,2130,0.1,0.06898040771484375,3.84764002263546,1000.0,0.9406557083129883,0.8603484034538269,0.0018446431,-0.0036896028934279455,1.846082091331482,-30.123483324050902
1543,9127,14090240,215,36.55433750152588,1.1497836112976074,0.0001,2140,0.1,0.05780181884765625,4.528618389368058,1000.0,0.9289277195930481,0.8603391647338867,0.0016957098,-0.003499783251027111,2.4531657695770264,-30.11845703125
1544,9165,14155776,216,36.1185245513916,1.1881496906280518,0.0001,2150,0.1,0.06468658447265625,3.2736359149217606,1000.0,0.9434691071510315,0.8602411150932312,0.0016792659,-0.003920427375123836,1.5573956966400146,-30.116087746620178
1545,9202,14221312,217,36.22346806526184,1.1522510051727295,0.0001,2160,0.1,0.06649322509765625,3.429201304912567,1000.0,0.942715048789978,0.859522819519043,0.0018026469,-0.00388308286346728,1.7452144622802734,-30.103047442436218
1546,9240,14286848,218,36.47787642478943,1.1881799697875977,0.0001,2170,0.1,0.070172119140625,4.407230764627457,1000.0,0.9285097718238831,0.8593019247055054,0.0018430473,-0.003831900224031415,2.2027201652526855,-30.08686966896057
1546,9277,14352384,219,36.26859092712402,1.1274936199188232,0.0001,2180,0.1,0.06255645751953125,4.052963155508041,1000.0,0.9363938570022583,0.8592805862426758,0.0016897027,-0.0037212848998024128,2.172295093536377,-30.07967343330383
1547,9315,14417920,220,36.68180251121521,1.231299638748169,0.0001,2190,0.1,0.07023468017578124,3.505344894528389,1000.0,0.9451374411582947,0.8591423034667969,0.0019655013,-0.003908768242399674,1.6282271146774292,-30.07627203464508
1548,9353,14483456,221,36.23426103591919,1.1719131469726562,0.0001,2200,0.1,0.06930084228515625,3.544722405076027,1000.0,0.9466726779937744,0.8585734367370605,0.001810122,-0.0038835148967336862,1.652423620223999,-30.063791751861572
1549,9390,14548992,222,36.32538032531738,1.239476203918457,0.0001,2210,0.1,0.0699371337890625,3.784057819843292,1000.0,0.9424567818641663,0.8585793972015381,0.001871197,-0.003735000590677373,1.6189513206481934,-30.053747844696044
1550,9427,14614528,223,36.16754651069641,1.2153589725494385,0.0001,2220,0.1,0.06757354736328125,3.428409907221794,1000.0,0.9498829245567322,0.8581458330154419,0.0017809835,-0.004046483134152368,1.8507747650146484,-30.044961810112
1550,9465,14680064,224,36.705233097076416,1.1934950351715088,0.0001,2230,0.1,0.061676025390625,4.110411894321442,1000.0,0.9388204216957092,0.8575857877731323,0.0017974379,-0.003809494744928088,1.9302184581756592,-30.029139947891235
1551,9503,14745600,225,35.994434118270874,1.1540038585662842,0.0001,2240,0.1,0.0670806884765625,4.459986659884453,1000.0,0.9379904270172119,0.8570963740348816,0.0017963697,-0.0036691540241008624,2.12797474861145,-30.0150954246521
1552,9540,14811136,226,36.29245328903198,1.1728124618530273,0.0001,2250,0.1,0.07457427978515625,3.81642527282238,1000.0,0.9447411298751831,0.8563408851623535,0.0018453756,-0.0041156251201755365,1.9255647659301758,-29.99989185333252
1553,9578,14876672,227,36.59802055358887,1.1869194507598877,0.0001,2260,0.1,0.0588165283203125,4.0592830091714855,1000.0,0.9387400150299072,0.8557502627372742,0.0016848053,-0.0036992319539422168,1.9591312408447266,-29.979583072662354
1553,9615,14942208,228,36.097947120666504,1.162139654159546,0.0001,2270,0.1,0.06052398681640625,3.713738688826561,1000.0,0.9431363344192505,0.8554009795188904,0.0017186514,-0.0036784476906177588,1.7046600580215454,-29.965130114555357
1554,9652,15007744,229,36.11276936531067,1.226893424987793,0.0001,2280,0.1,0.059552001953125,3.8415634453296663,1000.0,0.9475292563438416,0.8547468185424805,0.0017058366,-0.003752176805573981,1.9147809743881226,-29.949017691612244
1555,9689,15073280,230,35.79576826095581,1.151024341583252,0.0001,2290,0.1,0.06822967529296875,3.894917127490044,1000.0,0.9450622200965881,0.8540908694267273,0.0018363327,-0.003874233807437122,1.9067825078964233,-29.928057193756104
1556,9726,15138816,231,35.8454647064209,1.1265099048614502,0.0001,2300,0.1,0.06179351806640625,4.392233595252037,1000.0,0.9393396973609924,0.8533072471618652,0.001681156,-0.0035370749137655366,2.2099220752716064,-29.90885419845581
1557,9764,15204352,232,36.40608358383179,1.1112430095672607,0.0001,2310,0.1,0.0634613037109375,4.3621041715145115,1000.0,0.937971293926239,0.8532155752182007,0.0017278915,-0.003716315206111176,2.0927822589874268,-29.895318746566772
1557,9802,15269888,233,37.13339948654175,1.216522216796875,0.0001,2320,0.1,0.0733978271484375,3.7913236737251284,1000.0,0.9466871023178101,0.852313220500946,0.0018105122,-0.004344642896467121,1.620008111000061,-29.878151416778564
1558,9840,15335424,234,36.66389226913452,1.2176604270935059,0.0001,2330,0.1,0.06714324951171875,4.064900952577591,1000.0,0.942148745059967,0.8515517115592957,0.0017565486,-0.003935669385828078,2.1609065532684326,-29.85424416065216
1558,9878,15400960,235,37.00542235374451,1.1924681663513184,0.0001,2340,0.1,0.06423492431640625,4.494142591953278,1000.0,0.9358927011489868,0.851141631603241,0.0017879859,-0.0037350191967561843,2.1427011489868164,-29.835683012008666
1559,9916,15466496,236,36.790916204452515,1.0669353008270264,0.0001,2350,0.1,0.06881103515625,4.118691456317902,1000.0,0.9432010650634766,0.8509556651115417,0.001953552,-0.003865122509887442,2.073150396347046,-29.825850582122804
1560,9953,15532032,237,36.184547901153564,1.112278938293457,0.0001,2360,0.1,0.06633148193359376,4.077620661258697,1000.0,0.9441604018211365,0.8507289290428162,0.0017688943,-0.003991966626199428,2.108382225036621,-29.816384530067445
1561,9991,15597568,238,36.74950957298279,1.1309447288513184,0.0001,2370,0.1,0.0704345703125,4.011974647641182,1000.0,0.9444100856781006,0.8504133224487305,0.0016916075,-0.003972184266604018,2.2548820972442627,-29.805048418045043
1561,10029,15663104,239,36.154961347579956,1.1178371906280518,0.0001,2380,0.1,0.0700958251953125,3.688729152083397,1000.0,0.9464723467826843,0.849951446056366,0.0018174541,-0.003891516398289241,1.8445415496826172,-29.791866421699524
1562,10067,15728640,240,36.963942766189575,1.2424860000610352,0.0001,2390,0.1,0.07255859375,4.221042656898499,1000.0,0.9431957006454468,0.8493350744247437,0.0018851854,-0.004078298000968062,1.9900578260421753,-29.775242233276366
1562,10105,15794176,241,37.20678091049194,1.1720521450042725,0.0001,2400,0.1,0.0643524169921875,4.231769385933876,1000.0,0.9401626586914062,0.8486425280570984,0.0017858468,-0.003915164331556298,2.1267945766448975,-29.753274464607237
1563,10143,15859712,242,36.16765022277832,1.1901683807373047,0.0001,2410,0.1,0.06202850341796875,4.622705560922623,1000.0,0.9361598491668701,0.8484219312667847,0.0016907542,-0.003741472528054146,2.4416232109069824,-29.73949682712555
1564,10181,15925248,243,37.071940422058105,1.1840322017669678,0.0001,2420,0.1,0.06569976806640625,3.852398282289505,1000.0,0.9462823867797852,0.8473038077354431,0.0018001886,-0.003986962533963379,1.9068723917007446,-29.718800830841065
1564,10219,15990784,244,36.655306816101074,1.1752228736877441,0.0001,2430,0.1,0.06634674072265626,4.276628956198692,1000.0,0.9393135905265808,0.8465912342071533,0.0016675376,-0.003926991600019391,2.263350248336792,-29.689845585823058
1565,10257,16056320,245,36.76530146598816,1.1667943000793457,0.0001,2440,0.1,0.06150665283203125,4.403279912471771,1000.0,0.9402088522911072,0.8462573885917664,0.0016932932,-0.003623066122236196,2.231837749481201,-29.6734299659729
1565,10294,16121856,246,36.81316614151001,1.1384546756744385,0.0001,2450,0.1,0.0727935791015625,4.158982565999031,1000.0,0.9445637464523315,0.8455870151519775,0.001829443,-0.0038743244149372913,2.117506504058838,-29.655426859855652
1566,10332,16187392,247,36.199912309646606,1.180065393447876,0.0001,2460,0.1,0.07101593017578126,4.729301345348358,1000.0,0.9365072250366211,0.8457569479942322,0.0017572616,-0.0037090538768097757,2.4697258472442627,-29.647311449050903
1567,10369,16252928,248,36.42945694923401,1.1637048721313477,0.0001,2470,0.1,0.0671173095703125,4.065589833259582,1000.0,0.9421043992042542,0.8451133966445923,0.0017920964,-0.0039018276816932484,2.1013309955596924,-29.638772940635683
1567,10407,16318464,249,36.78783679008484,1.203575849533081,0.0001,2480,0.1,0.06784515380859375,4.416778513789177,1000.0,0.9365160465240479,0.8448766469955444,0.0018136231,-0.003830003016628325,2.0480732917785645,-29.62341206073761
1568,10445,16384000,250,36.24909472465515,1.1842246055603027,0.0001,2490,0.1,0.0672760009765625,4.8009859085083,1000.0,0.9347531199455261,0.8441435694694519,0.0017829486,-0.003701644844841212,2.4325551986694336,-29.609822463989257
1569,10482,16449536,251,36.413020610809326,1.1729068756103516,0.0001,2500,0.1,0.06747589111328126,4.772397321462631,1000.0,0.9377849698066711,0.8437692523002625,0.0018256521,-0.0035100240871543064,2.20109486579895,-29.593371534347533
1569,10520,16515072,252,36.583136558532715,1.1816129684448242,0.0001,2510,0.1,0.07734375,4.643207484483719,1000.0,0.9337639808654785,0.842838704586029,0.0018738545,-0.0037659509383956903,2.1651902198791504,-29.573111271858217
1570,10558,16580608,253,36.48463225364685,1.2626237869262695,0.0001,2520,0.1,0.06090087890625,4.787666267156601,1000.0,0.9397193789482117,0.8420634269714355,0.0017894016,-0.0034832242017728277,2.625044584274292,-29.547918915748596
1570,10596,16646144,254,36.4529230594635,1.1843416690826416,0.0001,2530,0.1,0.065216064453125,4.58774847984314,1000.0,0.9360837936401367,0.841744065284729,0.0017736465,-0.0038145826969412156,2.36051082611084,-29.531805205345155
1571,10633,16711680,255,35.839370012283325,1.2053523063659668,0.0001,2540,0.1,0.07143707275390625,4.753066265583039,1000.0,0.9338389039039612,0.8410401344299316,0.0018671986,-0.004051301135041286,2.391759157180786,-29.515054273605347
1572,10670,16777216,256,36.09132528305054,1.1856324672698975,0.0001,2550,0.1,0.06895599365234376,4.450159764289856,1000.0,0.9369547367095947,0.8407055735588074,0.0017856193,-0.0036962090503948274,2.3519692420959473,-29.49688763618469
1564,10767,16842752,257,36.532681465148926,1.127364158630371,0.0001,2560,0.1,0.07113494873046874,4.732414495944977,1000.0,0.9352402091026306,0.8400227427482605,0.0018990521,-0.0038836621723021382,2.242291212081909,-29.481228065490722
1564,10805,16908288,258,36.613144874572754,60.33218550682068,0.0001,2570,0.1,0.06622314453125,4.279137921333313,1000.0,0.9406264424324036,0.8394176363945007,0.0017468778,-0.003620868336292915,2.021588087081909,-29.458129000663757
1565,10843,16973824,259,37.05349588394165,1.2447826862335205,0.0001,2580,0.1,0.0646087646484375,4.626103085279465,1000.0,0.9347977638244629,0.8387371897697449,0.0017603507,-0.0039817678480176255,2.349506378173828,-29.437699413299562
1565,10881,17039360,260,36.84833288192749,1.3390898704528809,0.0001,2590,0.1,0.07246856689453125,4.497075670957566,1000.0,0.9399937987327576,0.837968111038208,0.0019139486,-0.003752190788509324,2.2761826515197754,-29.41548697948456
1566,10920,17104896,261,37.72188639640808,1.1778178215026855,0.0001,2600,0.1,0.0666961669921875,5.188019001483918,1000.0,0.9315382242202759,0.8373545408248901,0.0017786818,-0.003387497297080699,2.3924965858459473,-29.394993352890015
1566,10958,17170432,262,36.855212688446045,1.1735858917236328,0.0001,2610,0.1,0.0628448486328125,4.857106333971023,1000.0,0.9353740811347961,0.8370174169540405,0.0016940101,-0.00351233747205697,2.590362310409546,-29.381998586654664
1567,10996,17235968,263,36.3993456363678,1.2046597003936768,0.0001,2620,0.1,0.05988006591796875,5.029606646299362,1000.0,0.9305439591407776,0.836978554725647,0.001673005,-0.0035214593895943835,2.577211618423462,-29.37368688583374
1568,11033,17301504,264,36.34243130683899,1.1705334186553955,0.0001,2630,0.1,0.06853179931640625,4.921773022413253,1000.0,0.9334025979042053,0.8362059593200684,0.001858891,-0.003843127976870164,2.5308334827423096,-29.360824179649352
1568,11073,17367040,265,38.221277952194214,1.2354376316070557,0.0001,2640,0.1,0.06824493408203125,4.916557490825653,1000.0,0.9336407780647278,0.835687518119812,0.0017954523,-0.003803913921001367,2.359879493713379,-29.339735007286073
1568,11113,17432576,266,39.02639436721802,1.2429184913635254,0.0001,2650,0.1,0.065032958984375,4.640434408187867,1000.0,0.9391348361968994,0.8345643877983093,0.001783135,-0.0037589471830870025,2.2088608741760254,-29.31486177444458
1569,11151,17498112,267,37.200756549835205,1.2209100723266602,0.0001,2660,0.1,0.07036895751953125,5.002199161052704,1000.0,0.9313967227935791,0.8340634703636169,0.0017615431,-0.003884963213931769,2.274564743041992,-29.289664554595948
1569,11190,17563648,268,37.31888771057129,1.2523062229156494,0.0001,2670,0.1,0.07096405029296875,5.244630962610245,1000.0,0.930278480052948,0.8336266279220581,0.0017343785,-0.0035923946925322525,2.7337379455566406,-29.275465416908265
1569,11228,17629184,269,37.47591018676758,1.1241958141326904,0.0001,2680,0.1,0.0676849365234375,4.746962141990662,1000.0,0.9351516962051392,0.8325965404510498,0.0019005844,-0.0036965716106351467,2.316647529602051,-29.252692031860352
1570,11267,17694720,270,36.9437792301178,1.2006776332855225,0.0001,2690,0.1,0.065948486328125,4.474697437882424,1000.0,0.9417272806167603,0.8322089910507202,0.0017157116,-0.0038088508030341473,2.0930700302124023,-29.230237770080567
1570,11305,17760256,271,36.78988313674927,1.34299898147583,0.0001,2700,0.1,0.072955322265625,4.987480908632278,1000.0,0.9302451610565186,0.8317095041275024,0.0021880553,-0.003869294255855493,2.3423445224761963,-29.21508083343506
1571,11343,17825792,272,36.89737248420715,1.2333579063415527,0.0001,2710,0.1,0.06451873779296875,4.601400256156921,1000.0,0.9394251704216003,0.8313225507736206,0.001744194,-0.0037244514263875318,2.327894687652588,-29.200591850280762
1572,11381,17891328,273,36.54017663002014,1.1766703128814697,0.0001,2720,0.1,0.06637420654296874,5.9689361453056335,1000.0,0.9243130683898926,0.8308752775192261,0.0018133664,-0.003714822727488354,2.846529483795166,-29.186843848228456
1572,11419,17956864,274,36.79464626312256,1.2889142036437988,0.0001,2730,0.1,0.07153778076171875,5.526680725812912,1000.0,0.9284809827804565,0.830342710018158,0.0019004336,-0.0035977946856291963,2.5608508586883545,-29.169141697883607
1573,11457,18022400,275,36.774959564208984,1.1606881618499756,0.0001,2740,0.1,0.0685577392578125,5.385688978433609,1000.0,0.9303354620933533,0.8297195434570312,0.0019174751,-0.00359887369122589,2.793536901473999,-29.153369140625
1573,11494,18087936,276,36.4946563243866,1.2235538959503174,0.0001,2750,0.1,0.077642822265625,5.3136272668838505,1000.0,0.9302732348442078,0.8285470008850098,0.0018844442,-0.004005098565539811,2.54268741607666,-29.12618441581726
1574,11532,18153472,277,36.78607368469238,1.1589546203613281,0.0001,2760,0.1,0.067608642578125,5.261793768405914,1000.0,0.9263217449188232,0.8276479244232178,0.0018801996,-0.003931992105208337,2.341207981109619,-29.09355471134186
1574,11571,18219008,278,37.21415376663208,1.1924543380737305,0.0001,2770,0.1,0.0646209716796875,5.527633494138717,1000.0,0.9262716174125671,0.8272766470909119,0.0016621222,-0.0038019551953766494,2.6216483116149902,-29.074928975105287
1575,11609,18284544,279,36.79598379135132,1.1326708793640137,0.0001,2780,0.1,0.0814422607421875,5.115483683347702,1000.0,0.9321119785308838,0.8266276121139526,0.0019754437,-0.0039513640629593285,2.3820178508758545,-29.05754714012146
1575,11647,18350080,280,36.91163158416748,1.0990898609161377,0.0001,2790,0.1,0.06200408935546875,5.468908786773682,1000.0,0.9273262023925781,0.8264142274856567,0.0018371729,-0.0037616437781252897,2.5632691383361816,-29.04327826499939
1576,11684,18415616,281,36.6537721157074,1.1813268661499023,0.0001,2800,0.1,0.07003021240234375,5.217496228218079,1000.0,0.9350504875183105,0.8256222605705261,0.0019049167,-0.003923217815463431,2.5201058387756348,-29.026445150375366
1576,11722,18481152,282,36.19873785972595,1.1981451511383057,0.0001,2810,0.1,0.0670806884765625,4.816755902767182,1000.0,0.9380254745483398,0.8250184059143066,0.0018827412,-0.003681690338999033,2.49101185798645,-29.00311233997345
1577,11760,18546688,283,36.66281485557556,1.1342370510101318,0.0001,2820,0.1,0.07122802734375,5.554290336370468,1000.0,0.9288330078125,0.8249842524528503,0.0019008936,-0.00349527400903753,2.867022752761841,-28.994211506843566
1577,11796,18612224,284,35.8125524520874,1.1151576042175293,0.0001,2830,0.1,0.0678924560546875,6.192554461956024,1000.0,0.9225461483001709,0.8244711756706238,0.0018241348,-0.003661979554453865,2.838456630706787,-28.984545516967774
1578,11834,18677760,285,35.905964851379395,1.1411125659942627,0.0001,2840,0.1,0.06626739501953124,4.830587220191956,1000.0,0.9340046048164368,0.8237961530685425,0.0017918071,-0.0038112874506623486,2.1931989192962646,-28.96439733505249
1578,11871,18743296,286,36.300140142440796,1.1236188411712646,0.0001,2850,0.1,0.07314605712890625,5.727894520759582,1000.0,0.9264858365058899,0.8232946395874023,0.0019117247,-0.0037300586205674334,2.891782522201538,-28.944634509086608
1579,11908,18808832,287,35.635987520217896,1.094160795211792,0.0001,2860,0.1,0.07259521484375,5.532468938827515,1000.0,0.9269012212753296,0.8226423263549805,0.0017796584,-0.0036237982130842283,2.6049435138702393,-28.927662706375123
1580,11945,18874368,288,35.86603927612305,1.080392599105835,0.0001,2870,0.1,0.059149169921875,6.726045942306518,1000.0,0.9210861921310425,0.8224319815635681,0.0017567545,-0.003593194180575665,3.058077812194824,-28.914505529403687
1580,11983,18939904,289,36.96140933036804,1.1347782611846924,0.0001,2880,0.1,0.0652496337890625,6.128431922197342,1000.0,0.9245559573173523,0.8222092986106873,0.0017838748,-0.0033038518915418534,3.1140189170837402,-28.906868124008177
1581,12020,19005440,290,36.4085578918457,1.157834529876709,0.0001,2890,0.1,0.070111083984375,5.342060834169388,1000.0,0.9339216947555542,0.822043776512146,0.0018656515,-0.003818868420785293,2.499582529067993,-28.899294281005858
1581,12058,19070976,291,36.77446675300598,1.2834534645080566,0.0001,2900,0.1,0.06942596435546874,5.430897891521454,1000.0,0.9308860301971436,0.8213937282562256,0.0017890476,-0.0035870357933163177,2.7074525356292725,-28.885879611968996
1582,12096,19136512,292,36.12924313545227,1.1602630615234375,0.0001,2910,0.1,0.0707366943359375,5.562921279668808,1000.0,0.9330191016197205,0.8209395408630371,0.0017061578,-0.003459189551358577,2.687743663787842,-28.86801826953888
1582,12133,19202048,293,36.11978197097778,1.1236686706542969,0.0001,2920,0.1,0.07489166259765626,6.063910478353501,1000.0,0.9282023310661316,0.820400595664978,0.001974922,-0.003676191144040786,2.812483787536621,-28.849682259559632
1583,12171,19267584,294,36.50431489944458,1.1213786602020264,0.0001,2930,0.1,0.065728759765625,5.852248102426529,1000.0,0.9302036166191101,0.8195865154266357,0.0017259328,-0.003439785636146553,2.992547035217285,-28.828215527534486
1583,12209,19333120,295,36.92648673057556,1.1502845287322998,0.0001,2940,0.1,0.06492919921875,5.395118367671967,1000.0,0.932925283908844,0.8191366195678711,0.0019008599,-0.0038217599911149593,2.5809988975524902,-28.80856454372406
1583,12246,19398656,296,36.49234962463379,1.0967609882354736,0.0001,2950,0.1,0.07249298095703124,5.5571010410785675,1000.0,0.9317847490310669,0.8184139132499695,0.0018264907,-0.003882881211757194,2.6799733638763428,-28.79076404571533
1584,12284,19464192,297,36.267526626586914,1.113365650177002,0.0001,2960,0.1,0.07287445068359374,5.9207628011703495,1000.0,0.9287564158439636,0.8178007006645203,0.0018853508,-0.0036337861354695635,3.1654319763183594,-28.768558692932128
1585,12321,19529728,298,36.10217905044556,1.1202566623687744,0.0001,2970,0.1,0.070989990234375,5.520065528154373,1000.0,0.9338768720626831,0.8172593116760254,0.0017630266,-0.0037592967099044474,2.96144700050354,-28.750622582435607
1585,12358,19595264,299,36.216968059539795,1.1272211074829102,0.0001,2980,0.1,0.0728271484375,5.603164726495743,1000.0,0.9326995015144348,0.8163145780563354,0.001940737,-0.003906339316745289,2.9115819931030273,-28.727355647087098
1586,12396,19660800,300,36.390175342559814,1.1809966564178467,0.0001,2990,0.1,0.0684112548828125,6.3080928981304165,1000.0,0.9218470454216003,0.8153499960899353,0.0018586394,-0.0037085235613631084,2.871490240097046,-28.698787903785707
1586,12434,19726336,301,36.6766517162323,1.1757433414459229,0.0001,3000,0.1,0.07352447509765625,5.865771645307541,1000.0,0.9262690544128418,0.8150186538696289,0.0017550875,-0.0036853160840109923,2.940032482147217,-28.67784900665283
1587,12471,19791872,302,35.98497152328491,1.1536853313446045,0.0001,3010,0.1,0.06899871826171874,6.443722128868103,1000.0,0.9205310344696045,0.8145238757133484,0.0019479697,-0.00349679741775617,3.1712851524353027,-28.66324038505554
1587,12508,19857408,303,36.14716076850891,1.116123914718628,0.0001,3020,0.1,0.06898956298828125,5.420996028184891,1000.0,0.9320544600486755,0.8141809701919556,0.0017739264,-0.003601502130914014,2.5916342735290527,-28.649406790733337
1588,12545,19922944,304,35.539626121520996,1.111579418182373,0.0001,3030,0.1,0.0772674560546875,5.1742293536663055,1000.0,0.933834969997406,0.8135862350463867,0.0018989383,-0.003985373374598566,2.4714856147766113,-28.63644371032715
1588,12582,19988480,305,35.84640955924988,1.132896900177002,0.0001,3040,0.1,0.06443023681640625,6.037710011005402,1000.0,0.9283913969993591,0.8132185339927673,0.0018218858,-0.0036669648106908426,2.940932512283325,-28.62053143978119
1589,12618,20054016,306,35.542848110198975,1.122096061706543,0.0001,3050,0.1,0.0600799560546875,6.684901112318039,1000.0,0.9213528633117676,0.8127679824829102,0.0016413447,-0.003245638537191553,3.1312568187713623,-28.6089346408844
1589,12655,20119552,307,35.85562539100647,1.1405665874481201,0.0001,3060,0.1,0.06464385986328125,5.535512763261795,1000.0,0.9314342737197876,0.812496542930603,0.0017749032,-0.003746048441098537,2.839970827102661,-28.597435116767883
1590,12692,20185088,308,35.86231470108032,1.1797270774841309,0.0001,3070,0.1,0.06428375244140624,6.304994881153107,1000.0,0.929046094417572,0.8116329908370972,0.0017758027,-0.003531716259021778,2.945585250854492,-28.576200819015504
1590,12730,20250624,309,36.04848527908325,1.2352855205535889,0.0001,3080,0.1,0.06739959716796876,6.0893099248409275,1000.0,0.9309582710266113,0.8110992312431335,0.0018744376,-0.00360109565226594,2.9989869594573975,-28.55208945274353
1591,12767,20316160,310,36.15666365623474,1.1828217506408691,0.0001,3090,0.1,0.0639373779296875,5.966755545139312,1000.0,0.930401086807251,0.8108615875244141,0.0017172764,-0.0036224735144060106,2.8101775646209717,-28.53805501461029
1591,12803,20381696,311,35.50693869590759,1.0681626796722412,0.0001,3100,0.1,0.070458984375,5.789526575803757,1000.0,0.9323604702949524,0.810006320476532,0.0017475797,-0.0038555720486328935,2.727388620376587,-28.520172047615052
1592,12841,20447232,312,35.937333822250366,1.1168198585510254,0.0001,3110,0.1,0.07051849365234375,5.520853954553604,1000.0,0.9388021230697632,0.8095341920852661,0.0019484035,-0.003714235821098555,2.706350326538086,-28.498596596717835
1592,12877,20512768,313,35.610737323760986,1.161264181137085,0.0001,3120,0.1,0.067950439453125,5.358286452293396,1000.0,0.9408496022224426,0.8093256950378418,0.0017017638,-0.003489496326074004,2.663456678390503,-28.487988352775574
1593,12914,20578304,314,35.769432067871094,1.2969181537628174,0.0001,3130,0.1,0.066168212890625,5.176116418838501,1000.0,0.9374066591262817,0.8089088201522827,0.001862223,-0.0037365617172326893,2.8131420612335205,-28.477421283721924
1593,12952,20643840,315,36.175193071365356,1.0949604511260986,0.0001,3140,0.1,0.07479705810546874,6.138972288370132,1000.0,0.9291365742683411,0.8081933259963989,0.0018526593,-0.0037589813364320435,3.0906944274902344,-28.459295201301575
1594,12989,20709376,316,36.21006655693054,1.1277000904083252,0.0001,3150,0.1,0.0606903076171875,7.4129453778266905,1000.0,0.9208824038505554,0.8078479766845703,0.0016952432,-0.0031447294750250876,3.468722105026245,-28.439742469787596
1594,13026,20774912,317,35.429285764694214,1.120495080947876,0.0001,3160,0.1,0.06704864501953126,7.321775126457214,1000.0,0.9225290417671204,0.8070696592330933,0.0017695243,-0.0034184523101430386,3.656933546066284,-28.42167248725891
1595,13063,20840448,318,35.95923137664795,1.1606385707855225,0.0001,3170,0.1,0.066033935546875,7.009805470705032,1000.0,0.924349844455719,0.8065240383148193,0.0017570532,-0.003626144680310972,3.5748443603515625,-28.401600527763367
1595,13100,20905984,319,35.778910875320435,1.1075880527496338,0.0001,3180,0.1,0.06732940673828125,6.204059076309204,1000.0,0.9297886490821838,0.8059144020080566,0.0018913053,-0.0038928078509343324,2.9730987548828125,-28.383436393737792
1596,13136,20971520,320,35.58162522315979,1.1799697875976562,0.0001,3190,0.1,0.07368621826171876,5.6589447379112245,1000.0,0.9318320751190186,0.8052114248275757,0.001953167,-0.003833015842246823,2.930610179901123,-28.362580156326295
1589,13233,21037056,321,35.97029376029968,1.1313416957855225,0.0001,3200,0.1,0.070611572265625,7.080845677852631,1000.0,0.919414222240448,0.8050494194030762,0.0018480828,-0.0037078530571307057,3.197768449783325,-28.347221207618713
1590,13271,21102592,322,37.120343923568726,60.86123704910278,0.0001,3210,0.1,0.06190948486328125,6.9377154290676115,1000.0,0.919559895992279,0.8047720789909363,0.0018141725,-0.0037805828935233874,3.636794090270996,-28.338604378700257
1590,13309,21168128,323,36.42043876647949,1.217905044555664,0.0001,3220,0.1,0.07200775146484376,5.8559183239936825,1000.0,0.9318196773529053,0.8043078184127808,0.0021082433,-0.0036923156476404984,2.8186392784118652,-28.3265659570694
1590,13347,21233664,324,36.628417015075684,1.2258975505828857,0.0001,3230,0.1,0.0716064453125,6.351066315174103,1000.0,0.9245924353599548,0.8035961985588074,0.0019422983,-0.0037913763168035074,2.935887098312378,-28.304908394813538
1591,13384,21299200,325,36.0455482006073,1.182440996170044,0.0001,3240,0.1,0.06487884521484374,6.150569683313369,1000.0,0.9298087358474731,0.803570032119751,0.0019819927,-0.0035992013494251297,2.8731939792633057,-28.288934803009035
1591,13421,21364736,326,36.067522287368774,1.1671135425567627,0.0001,3250,0.1,0.0697906494140625,6.881715154647827,1000.0,0.924339234828949,0.8029197454452515,0.0018186625,-0.003677152576710796,3.3358795642852783,-28.27578136920929
1592,13459,21430272,327,36.55125045776367,1.2241573333740234,0.0001,3260,0.1,0.0625335693359375,6.186216634511948,1000.0,0.9260730743408203,0.8025094270706177,0.0016958406,-0.0034614371354109606,2.900495767593384,-28.25803201198578
1592,13497,21495808,328,36.32497763633728,1.2069294452667236,0.0001,3270,0.1,0.07231292724609376,5.768093234300613,1000.0,0.9293543100357056,0.8024587631225586,0.001954645,-0.0038044515618821605,2.8518495559692383,-28.24943075180054
1593,13534,21561344,329,36.22505474090576,1.1823749542236328,0.0001,3280,0.1,0.0718353271484375,6.106489133834839,1000.0,0.9305264949798584,0.8019388914108276,0.0019712385,-0.0034560244195745325,3.051593542098999,-28.23919007778168
1593,13572,21626880,330,36.33986735343933,1.2408592700958252,0.0001,3290,0.1,0.0705596923828125,5.758403581380844,1000.0,0.9327181577682495,0.8012498617172241,0.0018711181,-0.003504251553385984,2.6769797801971436,-28.217302083969116
1593,13609,21692416,331,36.57274127006531,1.234574556350708,0.0001,3300,0.1,0.06419830322265625,6.640008270740509,1000.0,0.921337902545929,0.8004369735717773,0.0018436104,-0.0038170164290932005,3.1720993518829346,-28.193631982803346
1594,13648,21757952,332,37.08923697471619,1.1948606967926025,0.0001,3310,0.1,0.06362152099609375,6.332861667871475,1000.0,0.9237820506095886,0.7996090650558472,0.0017446182,-0.003533364879695,2.974503755569458,-28.16939091682434
1594,13686,21823488,333,36.87877583503723,1.2103242874145508,0.0001,3320,0.1,0.0764678955078125,6.453467464447021,1000.0,0.9277361631393433,0.7994574904441833,0.0019166038,-0.0038573513142182493,3.236964464187622,-28.152303838729857
1594,13724,21889024,334,36.62447428703308,1.1871120929718018,0.0001,3330,0.1,0.070782470703125,6.328900134563446,1000.0,0.9324193000793457,0.7988058924674988,0.0018373099,-0.003694665116927354,3.0344245433807373,-28.13710470199585
1595,13761,21954560,335,36.11532258987427,1.1503705978393555,0.0001,3340,0.1,0.06284027099609375,6.685353392362595,1000.0,0.9286945462226868,0.7979652881622314,0.0018932093,-0.003332495874201413,3.2106094360351562,-28.113782691955567
1595,13798,22020096,336,35.79620337486267,1.2137250900268555,0.0001,3350,0.1,0.0644287109375,7.327773004770279,1000.0,0.9236554503440857,0.7976425886154175,0.0018574414,-0.003230064174567815,3.7664403915405273,-28.09436402320862
1596,13836,22085632,337,36.96688270568848,1.1792094707489014,0.0001,3360,0.1,0.084808349609375,6.067789840698242,1000.0,0.93437659740448,0.7970348596572876,0.0021256234,-0.0036233768201782367,2.9783706665039062,-28.079512238502502
1596,13874,22151168,338,36.98232102394104,1.213700771331787,0.0001,3370,0.1,0.06891632080078125,6.600528991222381,1000.0,0.9288455247879028,0.7969880104064941,0.001818132,-0.0038281103858025744,3.0043444633483887,-28.067729949951172
1596,13912,22216704,339,36.63079500198364,1.1708743572235107,0.0001,3380,0.1,0.06578521728515625,7.392495024204254,1000.0,0.9211260080337524,0.7965583205223083,0.001857433,-0.003666604062891565,3.440812110900879,-28.058278632164
1597,13950,22282240,340,36.54898762702942,1.1937105655670166,0.0001,3390,0.1,0.07728118896484375,6.3273235857486725,1000.0,0.9293627142906189,0.7956866025924683,0.0019685838,-0.003724002538365312,3.3257029056549072,-28.03638834953308
1597,13988,22347776,341,36.841212034225464,1.1568067073822021,0.0001,3400,0.1,0.0637969970703125,6.378656196594238,1000.0,0.9307693243026733,0.7952156066894531,0.0017328423,-0.003616623219568282,3.052788734436035,-28.012536764144897
1597,14026,22413312,342,36.60488152503967,1.2108993530273438,0.0001,3410,0.1,0.06812591552734375,6.427711355686188,1000.0,0.9324358701705933,0.7946165800094604,0.0016345711,-0.0035987612005556,3.070584774017334,-27.994007229804993
1598,14063,22478848,343,36.17774772644043,1.2188003063201904,0.0001,3420,0.1,0.0709808349609375,7.579882335662842,1000.0,0.920674204826355,0.7945771217346191,0.0019217232,-0.003698552971764002,3.871218204498291,-27.9798672914505
1598,14101,22544384,344,36.335458517074585,1.181208610534668,0.0001,3430,0.1,0.07115020751953124,6.789276558160782,1000.0,0.9272283315658569,0.7942341566085815,0.0018469105,-0.0037722726687206888,3.508739709854126,-27.97240674495697
1599,14137,22609920,345,35.361645221710205,1.2072021961212158,0.0001,3440,0.1,0.0709747314453125,6.794312578439713,1000.0,0.9262250065803528,0.7935611605644226,0.0018146364,-0.0035780987120233474,3.180724620819092,-27.957002329826356
1599,14174,22675456,346,35.73620820045471,1.0690109729766846,0.0001,3450,0.1,0.06318206787109375,6.84592102766037,1000.0,0.9253270030021667,0.7930357456207275,0.0016241586,-0.003666045647696592,3.0516152381896973,-27.935213923454285
1600,14211,22740992,347,35.550211906433105,1.1170086860656738,0.0001,3460,0.1,0.06452484130859375,6.499694579839707,1000.0,0.9302679300308228,0.7926803827285767,0.0018085414,-0.0035933622188167647,3.4348533153533936,-27.919333696365356
1600,14248,22806528,348,36.29075360298157,1.1256821155548096,0.0001,3470,0.1,0.07020721435546876,7.187912845611573,1000.0,0.9240851402282715,0.7919708490371704,0.0019230398,-0.003654034792270977,3.755582571029663,-27.901180481910707
1601,14285,22872064,349,36.20650672912598,1.1206231117248535,0.0001,3480,0.1,0.07402496337890625,7.4716044664382935,1000.0,0.9182978868484497,0.7910083532333374,0.0018866693,-0.0037793430834426544,3.6996378898620605,-27.873681807518004
1601,14323,22937600,350,36.1810839176178,1.1677913665771484,0.0001,3490,0.1,0.07249298095703124,6.999149453639984,1000.0,0.9235199689865112,0.7901675701141357,0.0018655645,-0.0037789580019307323,3.546008586883545,-27.845371198654174
1601,14359,23003136,351,35.61435031890869,1.1281232833862305,0.0001,3500,0.1,0.07099456787109375,7.180836009979248,1000.0,0.9203875064849854,0.7897472381591797,0.0019132048,-0.0036701271834317594,3.9155266284942627,-27.822725677490233
1602,14396,23068672,352,35.84146690368652,1.1289145946502686,0.0001,3510,0.1,0.0696380615234375,6.9142380356788635,1000.0,0.9264072775840759,0.7890827059745789,0.0018042854,-0.0035783936982625164,3.3157098293304443,-27.805916023254394
1602,14434,23134208,353,36.29471707344055,1.1454057693481445,0.0001,3520,0.1,0.0731170654296875,6.32884778380394,1000.0,0.9303166270256042,0.7883524894714355,0.0019409608,-0.004065513931709575,3.0679948329925537,-27.783072900772094
1603,14471,23199744,354,35.95453143119812,1.1266634464263916,0.0001,3530,0.1,0.0667877197265625,5.959649795293808,1000.0,0.9354361891746521,0.7875920534133911,0.001950011,-0.003805378514516633,3.076361894607544,-27.757177066802978
1603,14508,23265280,355,35.69146275520325,1.1034765243530273,0.0001,3540,0.1,0.06696014404296875,7.424968028068543,1000.0,0.9229071140289307,0.7871422171592712,0.0017248827,-0.003263432804669719,3.642606258392334,-27.735355257987976
1603,14545,23330816,356,36.25274467468262,1.097355842590332,0.0001,3550,0.1,0.06643829345703126,7.5527653872966765,1000.0,0.9210958480834961,0.7866212129592896,0.0018054477,-0.003579195655765943,3.7082607746124268,-27.718002605438233
1604,14582,23396352,357,35.88042187690735,1.2338201999664307,0.0001,3560,0.1,0.0644287109375,7.217225950956345,1000.0,0.9251492023468018,0.7861264944076538,0.0017153564,-0.003459630178986117,3.7336766719818115,-27.699186301231386
1604,14619,23461888,358,35.957308292388916,1.2266998291015625,0.0001,3570,0.1,0.0727783203125,7.046172946691513,1000.0,0.9266366362571716,0.7856364250183105,0.0017827791,-0.0036375568830408155,3.7299327850341797,-27.68564989566803
1605,14656,23527424,359,35.650280714035034,1.1290857791900635,0.0001,3580,0.1,0.076019287109375,6.947081905603409,1000.0,0.9276877045631409,0.7854830026626587,0.0020099252,-0.0037404902584967205,3.2463204860687256,-27.67702136039734
1605,14693,23592960,360,35.584641218185425,1.1214625835418701,0.0001,3590,0.1,0.06856842041015625,8.295051199197768,1000.0,0.9152644872665405,0.784707248210907,0.0017561285,-0.0038409102853620425,4.222504138946533,-27.660867500305176
1606,14730,23658496,361,36.20204424858093,1.1235125064849854,0.0001,3600,0.1,0.06778106689453126,8.039415675401688,1000.0,0.9176940321922302,0.7848953008651733,0.0018819179,-0.0035571267144405283,4.041528701782227,-27.649356603622437
1606,14767,23724032,362,35.60049653053284,1.1444761753082275,0.0001,3610,0.1,0.0705230712890625,7.022876912355423,1000.0,0.9286763668060303,0.7844822406768799,0.0019913712,-0.003516423626570031,3.464913845062256,-27.643030953407287
1606,14804,23789568,363,35.726611375808716,1.1283817291259766,0.0001,3620,0.1,0.06795806884765625,8.659957933425904,1000.0,0.9148613810539246,0.7839059829711914,0.0017388854,-0.0032699353352654724,4.568778991699219,-27.623882627487184
1607,14840,23855104,364,35.447128772735596,1.1542973518371582,0.0001,3630,0.1,0.0805206298828125,7.568882918357849,1000.0,0.9226088523864746,0.7828122973442078,0.001988004,-0.003575434813683387,3.8452703952789307,-27.59420852661133
1607,14877,23920640,365,35.68963003158569,1.1648211479187012,0.0001,3640,0.1,0.06909027099609374,8.251878607273103,1000.0,0.9155848622322083,0.7819952368736267,0.0018404627,-0.0035773341311141848,4.171534061431885,-27.565775537490843
1608,14914,23986176,366,35.6796019077301,1.1265580654144287,0.0001,3650,0.1,0.0678497314453125,6.80648620724678,1000.0,0.9306974411010742,0.7813282012939453,0.0018333737,-0.0037447986222105102,3.3099825382232666,-27.544069027900697
1608,14950,24051712,367,35.2591757774353,1.0987708568572998,0.0001,3660,0.1,0.0745697021484375,7.917203027009964,1000.0,0.9186261296272278,0.7805339694023132,0.0019978965,-0.003345549308869522,4.196351051330566,-27.52130272388458
1609,14987,24117248,368,35.955774545669556,1.1281795501708984,0.0001,3670,0.1,0.0634246826171875,7.2706703543663025,1000.0,0.923484742641449,0.7801570892333984,0.001815685,-0.0033831699132861105,3.475825548171997,-27.5010507106781
1609,15024,24182784,369,35.790297746658325,1.12630033493042,0.0001,3680,0.1,0.06473236083984375,7.388195991516113,1000.0,0.9259809851646423,0.7793986201286316,0.001859687,-0.0036886484071146698,3.7133941650390625,-27.48074040412903
1609,15061,24248320,370,35.97415351867676,1.1251835823059082,0.0001,3690,0.1,0.0765777587890625,7.00468687415123,1000.0,0.9324065446853638,0.779038667678833,0.0020033843,-0.003819511172332568,3.4092228412628174,-27.459626173973085
1610,15098,24313856,371,35.60435342788696,1.1221113204956055,0.0001,3700,0.1,0.06349945068359375,7.988337087631225,1000.0,0.9189434051513672,0.7785987854003906,0.0017413413,-0.0035299548733746635,3.853803873062134,-27.444627618789674
1610,15135,24379392,372,35.59710431098938,1.1231820583343506,0.0001,3710,0.1,0.06476898193359375,7.747226566076279,1000.0,0.9226630926132202,0.7783348560333252,0.0017697797,-0.00363812022987986,3.8400630950927734,-27.430830860137938
1611,15172,24444928,373,36.299407958984375,1.120267391204834,0.0001,3720,0.1,0.06989593505859375,7.204879921674729,1000.0,0.9285326600074768,0.7776240110397339,0.001872354,-0.0035440513340290634,3.553022623062134,-27.41258466243744
1611,15210,24510464,374,36.43508553504944,1.1432344913482666,0.0001,3730,0.1,0.067816162109375,7.237813341617584,1000.0,0.928508996963501,0.7774187922477722,0.0017725143,-0.0036131413420662285,3.5680136680603027,-27.396948075294496
1611,15247,24576000,375,35.54007005691528,1.0968055725097656,0.0001,3740,0.1,0.061822509765625,7.096345514059067,1000.0,0.9275097846984863,0.7766963839530945,0.0017168738,-0.0036887521942844614,3.3345344066619873,-27.379474997520447
1612,15283,24641536,376,35.532554626464844,1.1131572723388672,0.0001,3750,0.1,0.0655242919921875,8.496026480197907,1000.0,0.9207091927528381,0.7763947248458862,0.0017923111,-0.0032944136633886955,4.340036392211914,-27.359709572792053
1612,15320,24707072,377,36.07662343978882,1.108076810836792,0.0001,3760,0.1,0.069915771484375,8.150738310813903,1000.0,0.9173762202262878,0.7756955623626709,0.0019296164,-0.0035076404368737713,4.094018459320068,-27.34260575771332
1613,15357,24772608,378,35.835575103759766,1.1323072910308838,0.0001,3770,0.1,0.07107696533203126,7.832394313812256,1000.0,0.9195325374603271,0.775532603263855,0.0018425322,-0.0037947586286463776,3.62561297416687,-27.328614282608033
1613,15394,24838144,379,35.72621536254883,1.1483001708984375,0.0001,3780,0.1,0.06801910400390625,8.46600437760353,1000.0,0.9177930355072021,0.7751542329788208,0.0018410247,-0.0034896069118985906,4.070249080657959,-27.319776844978332
1613,15431,24903680,380,35.921061277389526,1.1287171840667725,0.0001,3790,0.1,0.0756011962890625,8.338965857028962,1000.0,0.917337954044342,0.7745612859725952,0.0020928602,-0.0035444208813714797,4.340658187866211,-27.30311825275421
1614,15468,24969216,381,35.64041781425476,1.1130478382110596,0.0001,3800,0.1,0.0805419921875,8.31746647953987,1000.0,0.918141782283783,0.7739361524581909,0.0018842816,-0.003546875463507604,3.791321039199829,-27.283685660362245
1614,15505,25034752,382,36.2582950592041,1.131728172302246,0.0001,3810,0.1,0.07557830810546876,7.203702366352081,1000.0,0.9252704381942749,0.7734651565551758,0.0019755322,-0.003519832708116155,3.3082830905914307,-27.266781163215636
1614,15543,25100288,383,36.37739562988281,1.2198302745819092,0.0001,3820,0.1,0.06764678955078125,7.682228684425354,1000.0,0.9218299984931946,0.7728213667869568,0.0018532216,-0.003536912988056429,4.10213565826416,-27.249371790885924
1615,15580,25165824,384,35.73062491416931,1.2477426528930664,0.0001,3830,0.1,0.072674560546875,7.0639216840267185,1000.0,0.9266142845153809,0.7724255919456482,0.0019757976,-0.00363560729965684,3.536393404006958,-27.231936287879943
1609,15675,25231360,385,35.72487545013428,1.1801700592041016,0.0001,3840,0.1,0.0691131591796875,7.925518381595611,1000.0,0.9238390922546387,0.7720772624015808,0.0017851643,-0.0036048497160663827,3.881645441055298,-27.218227410316466
1609,15713,25296896,386,36.75468850135803,59.603092432022095,0.0001,3850,0.1,0.0765380859375,8.291350305080414,1000.0,0.9212174415588379,0.7712540626525879,0.0019497678,-0.0038032149539503736,4.133249282836914,-27.197566151618958
1610,15751,25362432,387,36.394227266311646,1.1745994091033936,0.0001,3860,0.1,0.06942138671875,8.216471308469773,1000.0,0.9249637126922607,0.7711582183837891,0.0018316379,-0.003505259723169729,4.007250785827637,-27.182424116134644
1610,15788,25427968,388,36.33410859107971,1.2294166088104248,0.0001,3870,0.1,0.06661376953125,9.268517553806305,1000.0,0.9136852025985718,0.7706252932548523,0.0019136234,-0.0034855775578762405,4.347565650939941,-27.17168447971344
1610,15826,25493504,389,36.30547881126404,1.1865336894989014,0.0001,3880,0.1,0.0619354248046875,8.743478095531463,1000.0,0.9187595844268799,0.7702913284301758,0.0017771185,-0.003291304835875053,4.098309516906738,-27.154446840286255
1611,15863,25559040,390,35.891846656799316,1.182893991470337,0.0001,3890,0.1,0.07325897216796876,8.320270681381226,1000.0,0.9194126129150391,0.7696406245231628,0.0018189582,-0.003574037048383616,4.088802814483643,-27.138658952713012
1611,15900,25624576,391,36.18903350830078,1.2219040393829346,0.0001,3900,0.1,0.0675201416015625,7.9287254333496096,1000.0,0.9247101545333862,0.769210696220398,0.0018475904,-0.0034773622814100237,3.9421353340148926,-27.121177530288698
1611,15938,25690112,392,36.09886407852173,1.1634917259216309,0.0001,3910,0.1,0.06712646484375,8.67703406214714,1000.0,0.9174453616142273,0.7686013579368591,0.0017281363,-0.0036687464918941258,4.459991455078125,-27.105163431167604
1612,15975,25755648,393,36.15056562423706,1.2444863319396973,0.0001,3920,0.1,0.0724395751953125,9.885389864444733,1000.0,0.9074091911315918,0.7684037685394287,0.0018719241,-0.0035695651880814695,4.608460426330566,-27.09082975387573
1612,16012,25821184,394,36.16223096847534,1.215393304824829,0.0001,3930,0.1,0.07017822265625,7.532989120483398,1000.0,0.9234544634819031,0.7679018378257751,0.0017993835,-0.0037726089547504673,3.878422737121582,-27.077991914749145
1612,16049,25886720,395,35.81007933616638,1.214569330215454,0.0001,3940,0.1,0.06497039794921874,7.802522772550583,1000.0,0.9193674325942993,0.7674206495285034,0.0017559049,-0.0033468713736510836,3.6288626194000244,-27.060602879524232
1613,16086,25952256,396,35.803969621658325,1.195131778717041,0.0001,3950,0.1,0.0725372314453125,8.113116484880447,1000.0,0.9226006865501404,0.7665952444076538,0.0019002048,-0.0035065378207946194,3.9972150325775146,-27.039202404022216
1613,16123,26017792,397,35.64982056617737,1.154020071029663,0.0001,3960,0.1,0.07197265625,7.668862903118134,1000.0,0.9274491667747498,0.7663906812667847,0.0018682173,-0.0038509785474161616,4.132359504699707,-27.023796844482423
1614,16160,26083328,398,35.438647985458374,1.2133409976959229,0.0001,3970,0.1,0.0645599365234375,8.495349979400634,1000.0,0.9186726808547974,0.7658904790878296,0.001895091,-0.0032941850382485426,4.2757487297058105,-27.01263823509216
1614,16197,26148864,399,36.26201057434082,1.156019926071167,0.0001,3980,0.1,0.065008544921875,8.134682321548462,1000.0,0.925726056098938,0.7656351327896118,0.00173997,-0.003550799847289454,4.051660060882568,-26.998212361335753
1614,16235,26214400,400,36.24437665939331,1.190683126449585,0.0001,3990,0.1,0.07254180908203126,8.234183663129807,1000.0,0.9208252429962158,0.7652889490127563,0.0021359348,-0.003821585702826269,3.7890737056732178,-26.9879821062088
1615,16271,26279936,401,35.564921617507935,1.1579735279083252,0.0001,4000,0.1,0.07089691162109375,8.253513085842133,1000.0,0.9238736629486084,0.7652968168258667,0.0018982854,-0.0037435896476381457,3.8849966526031494,-26.982952809333803
1615,16309,26345472,402,35.953325033187866,1.1860923767089844,0.0001,4010,0.1,0.06931915283203124,7.911376136541366,1000.0,0.9245234727859497,0.7650701403617859,0.0018872342,-0.0034872514675953425,3.8459343910217285,-26.9786497592926
1615,16345,26411008,403,35.572866439819336,1.149035930633545,0.0001,4020,0.1,0.07073211669921875,8.401341134309769,1000.0,0.920590341091156,0.7645074725151062,0.0018736471,-0.0038608559130807406,4.21941614151001,-26.96289551258087
1616,16382,26476544,404,35.274123430252075,1.1053833961486816,0.0001,4030,0.1,0.07753753662109375,8.60050454735756,1000.0,0.9222968816757202,0.7640538215637207,0.0019288394,-0.0039062445852323436,4.330508232116699,-26.94524130821228
1616,16418,26542080,405,35.382333278656006,1.1238315105438232,0.0001,4040,0.1,0.06906585693359375,9.66062364578247,1000.0,0.9139721393585205,0.7632255554199219,0.0020013398,-0.003419971354014706,4.741948127746582,-26.924622297286987
1616,16455,26607616,406,35.57827544212341,1.117978572845459,0.0001,4050,0.1,0.07232208251953125,8.971805322170258,1000.0,0.9183928370475769,0.7630889415740967,0.0018805736,-0.0037081348535139115,4.750361919403076,-26.908951807022095
1617,16492,26673152,407,36.244505405426025,1.2353899478912354,0.0001,4060,0.1,0.069281005859375,8.857988643646241,1000.0,0.9184283018112183,0.762961745262146,0.0018723632,-0.0033900327005540022,4.436491012573242,-26.903460216522216
1617,16530,26738688,408,35.893285512924194,1.2360374927520752,0.0001,4070,0.1,0.06896514892578125,9.11971468925476,1000.0,0.9210875630378723,0.762279212474823,0.0018814316,-0.003440602999762632,4.601656436920166,-26.89110932350159
1617,16567,26804224,409,35.82711672782898,1.1807606220245361,0.0001,4080,0.1,0.068438720703125,9.221998304128647,1000.0,0.9170137643814087,0.7613742351531982,0.0020264557,-0.003451370015682187,4.256738185882568,-26.866633033752443
1618,16604,26869760,410,36.23216962814331,1.1938467025756836,0.0001,4090,0.1,0.0687774658203125,9.037866407632828,1000.0,0.9219091534614563,0.761025071144104,0.0017909161,-0.0034878420250606724,4.293905258178711,-26.843209886550902
1618,16641,26935296,411,35.761738777160645,1.2206461429595947,0.0001,4100,0.1,0.06885833740234375,9.074713492393494,1000.0,0.9209981560707092,0.7606054544448853,0.0018289685,-0.003549242054577917,3.9199092388153076,-26.829918718338014
1618,16678,27000832,412,35.54314422607422,1.1680610179901123,0.0001,4110,0.1,0.0727020263671875,9.519137644767762,1000.0,0.9197971820831299,0.7604793310165405,0.0019353526,-0.0036932786359102467,4.738981246948242,-26.816927337646483
1619,16714,27066368,413,35.72853708267212,1.1134312152862549,0.0001,4120,0.1,0.072857666015625,8.518533766269684,1000.0,0.9202719330787659,0.7600176334381104,0.0018147375,-0.003528499863750767,4.423680305480957,-26.805582189559935
1619,16752,27131904,414,35.97756814956665,1.2485253810882568,0.0001,4130,0.1,0.07436370849609375,9.261142528057098,1000.0,0.9165032505989075,0.7594985961914062,0.0019609793,-0.0037262314013787544,4.468887805938721,-26.78703272342682
1619,16789,27197440,415,35.807109355926514,1.1919503211975098,0.0001,4140,0.1,0.06936492919921874,9.151249277591706,1000.0,0.9215843081474304,0.7589011192321777,0.0018797223,-0.0036882458487525584,4.349503040313721,-26.76744673252106
1620,16826,27262976,416,36.07634949684143,1.163651466369629,0.0001,4150,0.1,0.071136474609375,9.541823768615723,1000.0,0.9170630574226379,0.7588467001914978,0.0018310777,-0.003568023037223611,4.737358093261719,-26.755571937561037
1620,16863,27328512,417,35.99300765991211,1.1916277408599854,0.0001,4160,0.1,0.06739654541015624,10.209016382694244,1000.0,0.9085761308670044,0.7581834197044373,0.0018787689,-0.003518699588312302,5.121776103973389,-26.745199036598205
1620,16901,27394048,418,36.34697866439819,1.1850028038024902,0.0001,4170,0.1,0.0671051025390625,8.61561577320099,1000.0,0.9227195978164673,0.7573699951171875,0.0018630711,-0.0034593257834785616,4.405211925506592,-26.720823097229005
1621,16938,27459584,419,35.949498414993286,1.1625292301177979,0.0001,4180,0.1,0.06371307373046875,9.545254755020142,1000.0,0.9164068698883057,0.7567731738090515,0.0016839581,-0.0033821910066762937,4.635698318481445,-26.697838044166566
1621,16975,27525120,420,36.45840930938721,1.1995959281921387,0.0001,4190,0.1,0.06934967041015624,9.074597132205962,1000.0,0.922093391418457,0.7567185163497925,0.001836122,-0.0038037772304960527,4.149932384490967,-26.683894181251524
1621,17012,27590656,421,35.88287019729614,1.1767113208770752,0.0001,4200,0.1,0.06884613037109374,9.251090598106384,1000.0,0.9224573969841003,0.7561702728271484,0.0020313195,-0.003344695287523791,4.300965309143066,-26.674381065368653
1622,17050,27656192,422,36.21205544471741,1.1663756370544434,0.0001,4210,0.1,0.0712188720703125,9.26270934343338,1000.0,0.9165162444114685,0.7557474374771118,0.0018267129,-0.0035957056999905033,4.964032173156738,-26.657870388031007
1622,17087,27721728,423,36.19587063789368,1.1472501754760742,0.0001,4220,0.1,0.0680694580078125,9.454264783859253,1000.0,0.9205080270767212,0.7551584243774414,0.0018993361,-0.0034838027248042637,5.116974353790283,-26.642568516731263
1622,17124,27787264,424,35.53278040885925,1.1589572429656982,0.0001,4230,0.1,0.067449951171875,10.215168356895447,1000.0,0.9160996079444885,0.7547821402549744,0.0019229299,-0.0037222629704046994,5.171878814697266,-26.62490737438202
1622,17161,27852800,425,35.791494369506836,1.1355347633361816,0.0001,4240,0.1,0.07108306884765625,10.223697745800019,1000.0,0.9140469431877136,0.7546202540397644,0.0020214051,-0.003651205274218228,5.08565092086792,-26.615400099754332
1623,17198,27918336,426,36.096747398376465,1.2505323886871338,0.0001,4250,0.1,0.068377685546875,10.461208391189576,1000.0,0.9100096225738525,0.7539467811584473,0.0017892735,-0.003558842399797868,5.145382404327393,-26.599507141113282
1623,17235,27983872,427,35.903568744659424,1.1384766101837158,0.0001,4260,0.1,0.0682373046875,9.722261607646942,1000.0,0.9165534973144531,0.7538391947746277,0.0016854883,-0.0036461502852034753,4.870673656463623,-26.58528470993042
1623,17272,28049408,428,35.87436008453369,1.194800615310669,0.0001,4270,0.1,0.0652252197265625,10.614032685756683,1000.0,0.9145633578300476,0.7537242770195007,0.0017195123,-0.0032726671925047413,4.974955081939697,-26.58078529834747
1624,17309,28114944,429,35.77183794975281,1.231384038925171,0.0001,4280,0.1,0.06581573486328125,9.952062106132507,1000.0,0.9165629148483276,0.7532011866569519,0.0019202695,-0.003517410470522009,4.582843780517578,-26.569327473640442
1624,17346,28180480,430,35.498735666275024,1.1634290218353271,0.0001,4290,0.1,0.06703033447265624,10.033459961414337,1000.0,0.9187537431716919,0.7528209686279297,0.0018957115,-0.0033257975621381773,4.711742401123047,-26.55420401096344
1624,17383,28246016,431,35.40059041976929,1.2295417785644531,0.0001,4300,0.1,0.07253265380859375,9.89457926750183,1000.0,0.9159281253814697,0.7518759965896606,0.0018534926,-0.0034744406162644736,4.575963973999023,-26.52976002693176
1625,17420,28311552,432,35.755101919174194,1.187166452407837,0.0001,4310,0.1,0.066790771484375,9.78137547969818,1000.0,0.9211458563804626,0.7512237429618835,0.0018810814,-0.003619082515069749,4.444124698638916,-26.50000479221344
1625,17456,28377088,433,35.352288007736206,1.1866188049316406,0.0001,4320,0.1,0.06777801513671874,11.917628169059753,1000.0,0.9034432172775269,0.7508540153503418,0.0018908734,-0.0031938701344188304,5.956531047821045,-26.482332825660706
1625,17493,28442624,434,35.45479655265808,1.2077586650848389,0.0001,4330,0.1,0.06688385009765625,10.639757406711578,1000.0,0.9127975106239319,0.7504537105560303,0.0017900439,-0.0034154146313085222,4.782366752624512,-26.46746211051941
1626,17530,28508160,435,35.721410274505615,1.212005853652954,0.0001,4340,0.1,0.06731719970703125,9.392216873168945,1000.0,0.9236577153205872,0.7501751780509949,0.0018907896,-0.003418965745368041,4.3106231689453125,-26.455704307556154
1626,17566,28573696,436,35.334218978881836,1.1238493919372559,0.0001,4350,0.1,0.06719818115234374,10.73143914937973,1000.0,0.9118209481239319,0.7499909400939941,0.001802113,-0.00334948165982496,5.344354152679443,-26.448380279541016
1626,17603,28639232,437,35.64183449745178,1.110626459121704,0.0001,4360,0.1,0.070147705078125,9.960106837749482,1000.0,0.9173142910003662,0.7491937875747681,0.0017269149,-0.0034577082973555663,4.393381595611572,-26.431768202781676
1627,17640,28704768,438,35.97546339035034,1.2214581966400146,0.0001,4370,0.1,0.068499755859375,10.594407558441162,1000.0,0.9168644547462463,0.7484175562858582,0.0018541445,-0.0036354065086925402,5.390294551849365,-26.407817912101745
1627,17677,28770304,439,35.66945767402649,1.1809451580047607,0.0001,4380,0.1,0.06681976318359376,10.80808753967285,1000.0,0.9147989153862,0.7484569549560547,0.0019533285,-0.0032713508859160355,5.5642805099487305,-26.397234773635866
1627,17714,28835840,440,36.26372766494751,1.194911241531372,0.0001,4390,0.1,0.06809539794921875,11.700509083271026,1000.0,0.9042612910270691,0.7478966116905212,0.0017421683,-0.003439072579203639,6.084532737731934,-26.38715386390686
1628,17751,28901376,441,35.46514058113098,1.2272512912750244,0.0001,4400,0.1,0.0636474609375,10.24975210428238,1000.0,0.9151783585548401,0.7474333643913269,0.0018365611,-0.0033397066334146077,4.998640060424805,-26.367665266990663
1628,17788,28966912,442,36.02455472946167,1.1481218338012695,0.0001,4410,0.1,0.06631622314453126,10.528442108631134,1000.0,0.9148496389389038,0.7472865581512451,0.0018443018,-0.003353913476166781,5.375422954559326,-26.354163193702696
1628,17825,29032448,443,35.89950776100159,1.2545969486236572,0.0001,4420,0.1,0.06550445556640624,10.848375821113587,1000.0,0.9185375571250916,0.7466592192649841,0.0017605555,-0.0034503830334870144,5.25889778137207,-26.34087929725647
1628,17862,29097984,444,35.55839657783508,1.1903200149536133,0.0001,4430,0.1,0.06575927734375,11.097904908657075,1000.0,0.912725567817688,0.7465168237686157,0.0018128892,-0.003621230079443194,5.848141670227051,-26.32604911327362
1629,17899,29163520,445,35.823699712753296,1.2041542530059814,0.0001,4440,0.1,0.075177001953125,9.978783011436462,1000.0,0.9200721383094788,0.7460422515869141,0.0020597584,-0.003710782399139134,5.127230644226074,-26.31352217197418
1629,17936,29229056,446,35.4587836265564,1.1675281524658203,0.0001,4450,0.1,0.070794677734375,10.487668883800506,1000.0,0.9204588532447815,0.7463572025299072,0.0018918235,-0.0035973213482066056,5.125576496124268,-26.30721688270569
1629,17975,29294592,447,37.59592866897583,1.1858115196228027,0.0001,4460,0.1,0.07290191650390625,10.31433277130127,1000.0,0.9165912866592407,0.7457360029220581,0.0021441355,-0.003595613533980213,4.7522478103637695,-26.300315403938292
1630,18011,29360128,448,35.52360200881958,1.120063066482544,0.0001,4470,0.1,0.07499237060546875,11.020420968532562,1000.0,0.9139249324798584,0.7453241348266602,0.0019215145,-0.0036590354546206074,5.560896396636963,-26.27835066318512
1625,18106,29425664,449,35.714561223983765,1.175581693649292,0.0001,4480,0.1,0.05694732666015625,10.907138836383819,1000.0,0.9140172600746155,0.744733452796936,0.001679829,-0.003313607521704398,5.471378326416016,-26.261742615699767
1625,18143,29491200,450,35.799580812454224,59.215134620666504,0.0001,4490,0.1,0.06915283203125,11.681546294689179,1000.0,0.9083932042121887,0.7439982891082764,0.0018156632,-0.0036382010497618467,6.133940696716309,-26.23708665370941
1625,18180,29556736,451,35.50390648841858,1.196366786956787,0.0001,4500,0.1,0.08166351318359374,11.08164712190628,1000.0,0.9123440980911255,0.7437770366668701,0.0020149443,-0.003828667882771697,5.262885570526123,-26.221280145645142
1625,18217,29622272,452,36.4162232875824,1.208080768585205,0.0001,4510,0.1,0.072796630859375,10.25690358877182,1000.0,0.9162060022354126,0.7431873083114624,0.0020607882,-0.003938598599052057,5.193392753601074,-26.206232023239135
1626,18255,29687808,453,36.265955209732056,1.2592895030975342,0.0001,4520,0.1,0.072882080078125,11.592144441604614,1000.0,0.9046047925949097,0.7428635358810425,0.0019699915,-0.0037769240996567534,5.795457363128662,-26.187094473838805
1626,18291,29753344,454,35.03495454788208,1.201869249343872,0.0001,4530,0.1,0.07014312744140624,11.215083968639373,1000.0,0.9105955958366394,0.742226779460907,0.0020150933,-0.003491736872820184,5.522523403167725,-26.168692708015442
1626,18328,29818880,455,35.67866277694702,1.2725780010223389,0.0001,4540,0.1,0.07064208984375,10.43802797794342,1000.0,0.9170953035354614,0.7412569522857666,0.0019762644,-0.003501991268421989,5.073468208312988,-26.138438940048218
1627,18365,29884416,456,35.37960076332092,1.1664454936981201,0.0001,4550,0.1,0.07114105224609375,12.677714681625366,1000.0,0.9050052165985107,0.7410820722579956,0.00197525,-0.0031716847050120124,6.401251792907715,-26.11680374145508
1627,18401,29949952,457,35.51470637321472,1.151057481765747,0.0001,4560,0.1,0.0731658935546875,11.813419258594513,1000.0,0.914063036441803,0.7409467697143555,0.0017428941,-0.003172041034849826,5.774362087249756,-26.109290146827696
1627,18438,30015488,458,35.2970712184906,1.198505163192749,0.0001,4570,0.1,0.06602325439453124,10.73828457593918,1000.0,0.9131407737731934,0.7407023310661316,0.0019037968,-0.0034477094508474694,5.5377912521362305,-26.10336489677429
1628,18475,30081024,459,35.72065615653992,1.1696691513061523,0.0001,4580,0.1,0.07588958740234375,11.81714438199997,1000.0,0.9105159044265747,0.740141749382019,0.0020242292,-0.0036432445675018245,5.980025768280029,-26.086893701553343
1628,18512,30146560,460,35.90403938293457,1.173081636428833,0.0001,4590,0.1,0.0687286376953125,11.212561416625977,1000.0,0.9166380763053894,0.7400185465812683,0.001988438,-0.0033542886798386463,5.496640205383301,-26.07239727973938
1628,18550,30212096,461,36.93782877922058,1.123412847518921,0.0001,4600,0.1,0.0739471435546875,11.316959714889526,1000.0,0.9121233820915222,0.7397888898849487,0.0019386841,-0.0035040754548390394,5.389558792114258,-26.063329935073853
1628,18587,30277632,462,36.14777374267578,1.2062363624572754,0.0001,4610,0.1,0.07278289794921874,11.954915118217468,1000.0,0.9083378314971924,0.7393509745597839,0.0017901263,-0.003505010741355363,6.357201099395752,-26.0525949716568
1629,18625,30343168,463,36.37109398841858,1.2275989055633545,0.0001,4620,0.1,0.067718505859375,10.46150313615799,1000.0,0.9174690246582031,0.7389853000640869,0.0018396021,-0.0031940125685650856,5.282134056091309,-26.0416122674942
1629,18664,30408704,464,37.837408781051636,1.2434523105621338,0.0001,4630,0.1,0.0735076904296875,10.536975336074828,1000.0,0.9187974333763123,0.7382111549377441,0.0018855834,-0.003617761697387323,5.302976131439209,-26.019772601127624
1629,18702,30474240,465,36.87014651298523,1.2226738929748535,0.0001,4640,0.1,0.068792724609375,12.604200160503387,1000.0,0.9016056656837463,0.7377485036849976,0.0019645472,-0.0034511208214098588,6.3249969482421875,-25.99829831123352
1629,18739,30539776,466,35.64248490333557,1.2257812023162842,0.0001,4650,0.1,0.071453857421875,11.647295045852662,1000.0,0.9083429574966431,0.7373448610305786,0.0018351986,-0.0034908591813291425,5.693079471588135,-25.982529997825623
1629,18776,30605312,467,36.31186771392822,1.149571180343628,0.0001,4660,0.1,0.06652984619140626,12.175819075107574,1000.0,0.9099292159080505,0.7365409135818481,0.0017937727,-0.0034536062332335858,6.105553150177002,-25.962367272377016
1630,18814,30670848,468,36.36414170265198,1.1558597087860107,0.0001,4670,0.1,0.06137542724609375,12.234256792068482,1000.0,0.9087939858436584,0.7359706163406372,0.0017464962,-0.0032274976547341794,6.146240711212158,-25.938873481750488
1630,18851,30736384,469,36.45549750328064,1.1465294361114502,0.0001,4680,0.1,0.070343017578125,10.845587289333343,1000.0,0.919082522392273,0.7355501055717468,0.0018834439,-0.003574617431149818,5.458803653717041,-25.921221899986268
1630,18888,30801920,470,35.87773895263672,1.1006124019622803,0.0001,4690,0.1,0.06649017333984375,11.397779214382172,1000.0,0.9164450764656067,0.734830379486084,0.0017947471,-0.003318452782696113,5.471190452575684,-25.899387812614442
1630,18926,30867456,471,36.17194128036499,1.1714603900909424,0.0001,4700,0.1,0.07023468017578124,12.094467568397523,1000.0,0.9109007120132446,0.7344942092895508,0.0018943764,-0.003578211557760369,5.849526882171631,-25.87774956226349
1631,18963,30932992,472,36.35022854804993,1.1322994232177734,0.0001,4710,0.1,0.07142333984375,12.499035894870758,1000.0,0.9099147319793701,0.7340080738067627,0.0018956492,-0.0035654614912346005,6.325273513793945,-25.86196126937866
1631,19000,30998528,473,35.68435335159302,1.1386833190917969,0.0001,4720,0.1,0.0663055419921875,11.808398723602295,1000.0,0.9144551753997803,0.7331032752990723,0.001759625,-0.0035172319650882853,6.274298667907715,-25.838690543174742
1631,19037,31064064,474,36.01605939865112,1.1937012672424316,0.0001,4730,0.1,0.0698822021484375,10.462958526611327,1000.0,0.9254590272903442,0.7329139709472656,0.0018477761,-0.0036543830516166053,5.249605655670166,-25.81950001716614
1632,19074,31129600,475,35.42984628677368,1.135223627090454,0.0001,4740,0.1,0.07257080078125,11.6404949426651,1000.0,0.9185394644737244,0.7327547073364258,0.0020822939,-0.003358679737721104,5.492725372314453,-25.81248834133148
1632,19111,31195136,476,35.70295166969299,1.2280077934265137,0.0001,4750,0.1,0.07606658935546876,11.815734672546387,1000.0,0.9181760549545288,0.7318176627159119,0.001940828,-0.003707071000826545,5.435328006744385,-25.792782402038576
1632,19148,31260672,477,35.80941987037659,1.1584584712982178,0.0001,4760,0.1,0.071051025390625,11.79290931224823,1000.0,0.9176942706108093,0.7314904928207397,0.001849055,-0.003673359153617639,5.9103474617004395,-25.769807600975035
1632,19184,31326208,478,35.52466297149658,1.196579933166504,0.0001,4770,0.1,0.06786651611328125,12.262426364421845,1000.0,0.9123613834381104,0.7308949828147888,0.0018312839,-0.0033677788727800363,6.328719139099121,-25.755639386177062
1633,19221,31391744,479,35.40880870819092,1.1638271808624268,0.0001,4780,0.1,0.06586761474609375,13.014168953895568,1000.0,0.9092512726783752,0.730756402015686,0.0016744384,-0.003212612699280726,6.3531293869018555,-25.74273512363434
1633,19258,31457280,480,35.70521855354309,1.2666120529174805,0.0001,4790,0.1,0.0664276123046875,13.339684808254242,1000.0,0.9066576361656189,0.7303311228752136,0.0019770004,-0.0032324787345714865,6.815884590148926,-25.73093686103821
1633,19295,31522816,481,35.368117809295654,1.2140839099884033,0.0001,4800,0.1,0.07334442138671875,13.743158173561095,1000.0,0.9075531363487244,0.7297686338424683,0.0018838007,-0.0033974181438679806,6.749740123748779,-25.71236047744751
1634,19331,31588352,482,35.4297821521759,1.1961283683776855,0.0001,4810,0.1,0.0720428466796875,12.486250436306,1000.0,0.9146153926849365,0.7294329404830933,0.0018348789,-0.003602384946134407,6.263568878173828,-25.695027661323547
1634,19368,31653888,483,35.442267417907715,1.1937510967254639,0.0001,4820,0.1,0.07258148193359375,14.205496573448182,1000.0,0.898144543170929,0.7291101217269897,0.0019668646,-0.0034974197507835923,7.3089094161987305,-25.683233094215392
1634,19404,31719424,484,35.190661668777466,1.125260591506958,0.0001,4830,0.1,0.0724884033203125,13.694740426540374,1000.0,0.9070422053337097,0.7284826636314392,0.0019547257,-0.0035386093964916653,6.643874168395996,-25.665078783035277
1634,19441,31784960,485,35.83274745941162,1.1691360473632812,0.0001,4840,0.1,0.07468109130859375,13.07931512594223,1000.0,0.9069419503211975,0.728242039680481,0.0020460298,-0.0036413930167327633,6.641662120819092,-25.647805213928223
1635,19478,31850496,486,35.4087769985199,1.1422970294952393,0.0001,4850,0.1,0.07055816650390626,11.874585449695587,1000.0,0.9102125763893127,0.7278033494949341,0.0019384429,-0.0034359164812485686,5.8028244972229,-25.63721356391907
1635,19515,31916032,487,35.9238805770874,1.1496362686157227,0.0001,4860,0.1,0.0758636474609375,12.665835368633271,1000.0,0.909497857093811,0.7279044985771179,0.0022075805,-0.003679810868925415,6.35203218460083,-25.62865753173828
1635,19551,31981568,488,35.339590311050415,1.172408103942871,0.0001,4870,0.1,0.07545166015625,12.439746701717377,1000.0,0.9116441011428833,0.7272651195526123,0.0019571807,-0.003360649390378967,6.490572452545166,-25.616403436660768
1635,19588,32047104,489,35.910125494003296,1.2166306972503662,0.0001,4880,0.1,0.075433349609375,12.221030700206757,1000.0,0.9154409766197205,0.7272058725357056,0.0019671242,-0.003630849759792909,5.503169059753418,-25.602534461021424
1636,19625,32112640,490,35.40310621261597,1.1504311561584473,0.0001,4890,0.1,0.07669219970703126,13.133394300937653,1000.0,0.908870279788971,0.7266563177108765,0.0020281146,-0.00347686620807508,6.184497833251953,-25.587051129341127
1636,19661,32178176,491,35.09211730957031,1.2859776020050049,0.0001,4900,0.1,0.07791595458984375,12.353740990161896,1000.0,0.9134271740913391,0.7260698676109314,0.0019499583,-0.003580022189998999,5.437323093414307,-25.56506757736206
1636,19698,32243712,492,35.126930952072144,1.184096336364746,0.0001,4910,0.1,0.07022552490234375,13.011045336723328,1000.0,0.9057953357696533,0.7252119779586792,0.0018619548,-0.0032284804532537238,5.948556900024414,-25.539802145957946
1637,19734,32309248,493,35.30717635154724,1.1803672313690186,0.0001,4920,0.1,0.0719696044921875,12.6007350564003,1000.0,0.9138749837875366,0.7242648005485535,0.0019403861,-0.0038342326137353667,6.10629415512085,-25.50856442451477
1637,19771,32374784,494,35.51722550392151,1.0749003887176514,0.0001,4930,0.1,0.070550537109375,12.137209212779998,1000.0,0.9121934175491333,0.7236108183860779,0.0019461393,-0.003113512181880651,5.750422477722168,-25.48308777809143
1637,19807,32440320,495,35.39844107627869,1.1428329944610596,0.0001,4940,0.1,0.0729705810546875,13.9997642993927,1000.0,0.9060962200164795,0.7228823900222778,0.0020177444,-0.0034369276254437864,7.063098430633545,-25.457870173454285
1638,19844,32505856,496,35.07606482505798,1.1988279819488525,0.0001,4950,0.1,0.069024658203125,14.083189153671265,1000.0,0.9073213338851929,0.7227058410644531,0.0018286095,-0.0035030598810408264,6.722115516662598,-25.440929794311522
1638,19880,32571392,497,35.705222606658936,1.153371810913086,0.0001,4960,0.1,0.0690948486328125,12.105349934101104,1000.0,0.9216064810752869,0.7227391600608826,0.0019513974,-0.0033920195361133664,5.790838718414307,-25.439678859710693
1638,19917,32636928,498,35.24357771873474,1.193331003189087,0.0001,4970,0.1,0.06883392333984376,12.405322074890137,1000.0,0.9166765809059143,0.7225717306137085,0.0018363928,-0.003372879074595403,5.650532245635986,-25.43781473636627
1638,19954,32702464,499,35.77136206626892,1.2409684658050537,0.0001,4980,0.1,0.061920166015625,12.321661520004273,1000.0,0.9196873307228088,0.7219074964523315,0.0016517625,-0.003393064418924041,5.5026373863220215,-25.423694801330566
1639,19990,32768000,500,35.2707359790802,1.1714718341827393,0.0001,4990,0.1,0.06939697265625,13.482064986228943,1000.0,0.9110133647918701,0.7217809557914734,0.0018399085,-0.003384641457523685,7.0848565101623535,-25.40946912765503
1639,20027,32833536,501,35.75217390060425,1.1781554222106934,0.0001,5000,0.1,0.07075347900390624,12.720709502696991,1000.0,0.9175413250923157,0.7213196754455566,0.0018928248,-0.003652300266548991,6.241347312927246,-25.39688985347748
1639,20064,32899072,502,35.814780712127686,1.155355453491211,0.0001,5010,0.1,0.072784423828125,13.325876998901368,1000.0,0.9100513458251953,0.72096848487854,0.0020323861,-0.003781888344383333,6.792228698730469,-25.37916898727417
1639,20102,32964608,503,36.40087032318115,1.1682040691375732,0.0001,5020,0.1,0.07599639892578125,13.645054006576538,1000.0,0.9120000004768372,0.7204351425170898,0.001866678,-0.003441443547490053,6.443329334259033,-25.36167206764221
1640,20139,33030144,504,36.10387301445007,1.1998603343963623,0.0001,5030,0.1,0.070843505859375,12.660001587867736,1000.0,0.9155669212341309,0.7195639610290527,0.0019551786,-0.0032129966391948985,5.570130825042725,-25.33585479259491
1640,20176,33095680,505,35.86115217208862,1.2083299160003662,0.0001,5040,0.1,0.0757904052734375,11.535968565940857,1000.0,0.9231071472167969,0.7188423871994019,0.0024738498,-0.003457486022671219,5.3248090744018555,-25.305776262283324
1640,20214,33161216,506,36.37137246131897,1.2316310405731201,0.0001,5050,0.1,0.0728485107421875,14.378680086135864,1000.0,0.90794438123703,0.7183687686920166,0.0019245513,-0.003334502805955708,7.190431594848633,-25.28103404045105
1640,20251,33226752,507,35.76422429084778,1.2283926010131836,0.0001,5060,0.1,0.0728240966796875,14.137006556987762,1000.0,0.9064447283744812,0.7178317308425903,0.0020394975,-0.0033321693626930937,7.3352155685424805,-25.25843529701233
1641,20287,33292288,508,35.28495693206787,1.1269760131835938,0.0001,5070,0.1,0.08219146728515625,14.532091212272643,1000.0,0.9032637476921082,0.7179059982299805,0.0021651792,-0.00322323520667851,7.141251087188721,-25.24603350162506
1641,20324,33357824,509,36.11709547042847,1.170793056488037,0.0001,5080,0.1,0.07047882080078124,13.014237594604491,1000.0,0.9150410890579224,0.71751469373703,0.0019424162,-0.0034380265358777253,6.427402973175049,-25.239237713813782
1641,20362,33423360,510,36.38841223716736,1.165083885192871,0.0001,5090,0.1,0.08040008544921876,13.588117218017578,1000.0,0.9106552600860596,0.7174715399742126,0.0020675154,-0.003472652964410372,6.3823652267456055,-25.230609250068664
1641,20399,33488896,511,35.991286754608154,1.1828737258911133,0.0001,5100,0.1,0.07008819580078125,13.750192558765411,1000.0,0.912428081035614,0.71703040599823,0.0020411576,-0.003481627797737019,6.477734565734863,-25.21841170787811
1641,20435,33554432,512,35.00603795051575,1.1597709655761719,0.0001,5110,0.1,0.07622222900390625,13.154226529598237,1000.0,0.9152323007583618,0.7164570093154907,0.002087544,-0.0036030863906489686,5.890061378479004,-25.195066690444946
1637,20531,33619968,513,35.50613880157471,1.134270429611206,0.0001,5120,0.1,0.0754058837890625,13.300611555576324,1000.0,0.9162808656692505,0.7163686752319336,0.0019412729,-0.003386279265396297,7.180173873901367,-25.183527278900147
1637,20567,33685504,514,35.53242063522339,59.823713064193726,0.0001,5130,0.1,0.0704498291015625,14.069800114631652,1000.0,0.9096122980117798,0.7158006429672241,0.001942248,-0.0036752455358509905,7.2977728843688965,-25.171041631698607
1638,20604,33751040,515,35.09025287628174,1.2355546951293945,0.0001,5140,0.1,0.0669158935546875,12.687889444828034,1000.0,0.9194529056549072,0.7150747776031494,0.0019019573,-0.0032615104195429013,6.103394031524658,-25.147815036773682
1638,20641,33816576,516,35.644554138183594,1.2004268169403076,0.0001,5150,0.1,0.07108154296875,13.524213874340058,1000.0,0.9151331186294556,0.7148308753967285,0.0019419228,-0.0033912058672285637,6.390902042388916,-25.124150276184082
1638,20677,33882112,517,35.412983894348145,1.1764531135559082,0.0001,5160,0.1,0.0652679443359375,13.176804566383362,1000.0,0.9139031767845154,0.7142717242240906,0.0017949333,-0.003220881237939466,6.197632312774658,-25.10717616081238
1638,20714,33947648,518,35.62165927886963,1.1393952369689941,0.0001,5170,0.1,0.077288818359375,13.594605720043182,1000.0,0.9180399179458618,0.7142093181610107,0.0019442491,-0.0036490570462774487,7.099874973297119,-25.09410502910614
1639,20750,34013184,519,34.86843490600586,1.1477179527282715,0.0001,5180,0.1,0.07344970703125,15.024134051799773,1000.0,0.9104769825935364,0.7136184573173523,0.0019340048,-0.0032079619631986134,7.699462413787842,-25.079565024375917
1639,20787,34078720,520,35.80108284950256,1.2698686122894287,0.0001,5190,0.1,0.0679534912109375,13.791783916950227,1000.0,0.9166316390037537,0.7132918238639832,0.0017090689,-0.003375918687379453,7.218586444854736,-25.060604524612426
1639,20823,34144256,521,35.082435131073,1.1889703273773193,0.0001,5200,0.1,0.07457122802734376,13.048863804340362,1000.0,0.9200741648674011,0.7126954793930054,0.0021081564,-0.003698748366878135,6.634476661682129,-25.04414336681366
1639,20860,34209792,522,35.244690895080566,1.2483406066894531,0.0001,5210,0.1,0.06949005126953126,13.829520511627198,1000.0,0.9166930913925171,0.7124499678611755,0.0019564927,-0.0036031320196343586,6.4996490478515625,-25.02883505821228
1640,20896,34275328,523,35.156383752822876,1.229295253753662,0.0001,5220,0.1,0.0799468994140625,13.303327202796936,1000.0,0.9189105033874512,0.7121483683586121,0.0024169418,-0.003380934734013863,6.558595180511475,-25.01752018928528
1640,20933,34340864,524,35.765055656433105,1.2078742980957031,0.0001,5230,0.1,0.0744873046875,15.125890934467316,1000.0,0.9085192680358887,0.711833119392395,0.002059388,-0.003257169919379521,7.450855731964111,-25.001930165290833
1640,20970,34406400,525,35.572678565979004,1.156280517578125,0.0001,5240,0.1,0.07626800537109375,14.780670523643494,1000.0,0.9095637798309326,0.7114113569259644,0.0022548796,-0.0034030112918117085,6.47271203994751,-24.986456513404846
1640,21006,34471936,526,35.34943246841431,1.1917433738708496,0.0001,5250,0.1,0.064862060546875,14.100488340854644,1000.0,0.9147255420684814,0.7111711502075195,0.0016500357,-0.003041877270152327,7.072272777557373,-24.973753666877748
1641,21043,34537472,527,35.37496328353882,1.146465539932251,0.0001,5260,0.1,0.0755645751953125,14.718395948410034,1000.0,0.9108473062515259,0.7105934023857117,0.0018940568,-0.0034739220573101193,7.232215881347656,-24.9569571018219
1641,21080,34603008,528,35.31329536437988,1.2825489044189453,0.0001,5270,0.1,0.0706512451171875,12.329040539264678,1000.0,0.9240944981575012,0.7102490663528442,0.0019216181,-0.0035682569054188208,6.225955486297607,-24.935648965835572
1641,21116,34668544,529,35.761833906173706,1.139758825302124,0.0001,5280,0.1,0.07009124755859375,14.738538551330567,1000.0,0.90928715467453,0.7096115946769714,0.0018437983,-0.0034745570170343853,7.221794128417969,-24.913353657722475
1641,21153,34734080,530,35.54552435874939,1.132096529006958,0.0001,5290,0.1,0.06991119384765625,13.621215724945069,1000.0,0.9174649119377136,0.7089628577232361,0.0019374454,-0.00358114127011504,7.202424049377441,-24.890180468559265
1642,21189,34799616,531,35.20617461204529,1.1166927814483643,0.0001,5300,0.1,0.0656005859375,13.693489754199982,1000.0,0.91930091381073,0.7086142301559448,0.0018573832,-0.0033754354837583376,6.447567462921143,-24.869076991081236
1642,21226,34865152,532,35.57179141044617,1.1996593475341797,0.0001,5310,0.1,0.0806243896484375,14.944689011573791,1000.0,0.9154741168022156,0.7085170745849609,0.0019436298,-0.003323881537653506,7.734899520874023,-24.857029819488524
1642,21262,34930688,533,34.6229031085968,1.1199052333831787,0.0001,5320,0.1,0.06831207275390624,13.194697463512421,1000.0,0.919177234172821,0.7078992128372192,0.001895464,-0.0034116397670004516,6.114205360412598,-24.84231996536255
1643,21298,34996224,534,35.22398924827576,1.1226611137390137,0.0001,5330,0.1,0.066595458984375,15.467311835289001,1000.0,0.9116946458816528,0.7074241042137146,0.0019221754,-0.003439247619826347,7.851240158081055,-24.824070525169372
1643,21335,35061760,535,35.394542932510376,1.13446044921875,0.0001,5340,0.1,0.0777496337890625,13.743781840801239,1000.0,0.9158637523651123,0.7069748640060425,0.0019991153,-0.003862865893461276,7.4381303787231445,-24.806349134445192
1643,21371,35127296,536,35.30858659744263,1.1136605739593506,0.0001,5350,0.1,0.08362274169921875,14.520273530483246,1000.0,0.9171412587165833,0.7069429159164429,0.0020325044,-0.003652431345835794,7.059857368469238,-24.795309710502625
1643,21408,35192832,537,35.314945459365845,1.1488697528839111,0.0001,5360,0.1,0.07198028564453125,14.660878622531891,1000.0,0.9151984453201294,0.7061882019042969,0.0019153069,-0.0034919165671453813,6.743997097015381,-24.780076718330385
1644,21444,35258368,538,35.25969648361206,1.15317964553833,0.0001,5370,0.1,0.07825469970703125,14.841246366500854,1000.0,0.9150277972221375,0.7056236267089844,0.0020564916,-0.0032733519838075154,7.4181599617004395,-24.75725438594818
1644,21481,35323904,539,35.253854513168335,1.1622111797332764,0.0001,5380,0.1,0.075250244140625,12.453794312477111,1000.0,0.9247323274612427,0.7048792839050293,0.0022101845,-0.003425487328786403,6.17604398727417,-24.733522915840148
1644,21517,35389440,540,35.268779277801514,1.1558418273925781,0.0001,5390,0.1,0.07175750732421875,13.921885669231415,1000.0,0.9181355237960815,0.7043701410293579,0.001932845,-0.0034482763119740413,7.32584810256958,-24.710943746566773
1644,21554,35454976,541,35.71426248550415,1.1569921970367432,0.0001,5400,0.1,0.06808624267578126,12.403639829158783,1000.0,0.9287570118904114,0.7037506103515625,0.0020051356,-0.0033574029774172233,6.019254684448242,-24.688503766059874
1645,21590,35520512,542,35.40573859214783,1.1574325561523438,0.0001,5410,0.1,0.0772857666015625,13.216535687446594,1000.0,0.9256069660186768,0.7030738592147827,0.0020051547,-0.0037316694943001494,6.431388854980469,-24.662213802337646
1645,21627,35586048,543,35.49684238433838,1.234104871749878,0.0001,5420,0.1,0.07977752685546875,15.081852114200592,1000.0,0.9125359058380127,0.7027889490127563,0.0019507238,-0.0036379957615281454,7.5458455085754395,-24.641353797912597
1645,21664,35651584,544,35.46214485168457,1.1764073371887207,0.0001,5430,0.1,0.0731719970703125,14.405254209041596,1000.0,0.9186842441558838,0.7025483846664429,0.0019331825,-0.0033526420258567667,7.036112308502197,-24.631244492530822
1645,21701,35717120,545,35.52260231971741,1.1872317790985107,0.0001,5440,0.1,0.07870330810546874,15.488322985172271,1000.0,0.9120582342147827,0.702140212059021,0.001982615,-0.0035333594656549393,7.543054580688477,-24.61761682033539
1646,21737,35782656,546,35.634639263153076,1.2218797206878662,0.0001,5450,0.1,0.07262420654296875,14.618348920345307,1000.0,0.9150879979133606,0.7012490034103394,0.0021811887,-0.003461859618255403,7.263883590698242,-24.593652653694154
1646,21773,35848192,547,34.94711899757385,1.1787645816802979,0.0001,5460,0.1,0.066033935546875,13.87781012058258,1000.0,0.9201175570487976,0.7008682489395142,0.0016987543,-0.003496637594071217,7.219357967376709,-24.569556975364684
1646,21810,35913728,548,35.31674647331238,1.172861099243164,0.0001,5470,0.1,0.0727386474609375,14.920494270324706,1000.0,0.9178130626678467,0.7002195119857788,0.0018790287,-0.0035056743072345853,7.393660545349121,-24.551125645637512
1646,21846,35979264,549,35.09198045730591,1.1515750885009766,0.0001,5480,0.1,0.0699615478515625,14.9045250415802,1000.0,0.9166781902313232,0.6995019912719727,0.001988344,-0.0036097906762734056,7.401501178741455,-24.52414700984955
1647,21882,36044800,550,34.629470109939575,1.2613191604614258,0.0001,5490,0.1,0.0722686767578125,15.351347208023071,1000.0,0.9146680235862732,0.6988251209259033,0.0019348261,-0.003355855586414691,7.59343957901001,-24.49787108898163
1647,21918,36110336,551,34.86327362060547,1.1697380542755127,0.0001,5500,0.1,0.07426605224609376,13.262160384655,1000.0,0.9245495200157166,0.6982623338699341,0.0019699675,-0.0033020290764397943,6.392647743225098,-24.475910568237303
1647,21954,36175872,552,34.900155544281006,1.1177241802215576,0.0001,5510,0.1,0.073236083984375,15.855662226676941,1000.0,0.9133914113044739,0.697983980178833,0.0018346576,-0.0035993080426123926,7.349390983581543,-24.457895159721375
1648,21991,36241408,553,35.27769875526428,1.1171717643737793,0.0001,5520,0.1,0.07068634033203125,15.856086194515228,1000.0,0.9124799370765686,0.6975338459014893,0.0019135851,-0.0033983326982706787,7.85832405090332,-24.44176173210144
1648,22027,36306944,554,35.71937704086304,1.2177560329437256,0.0001,5530,0.1,0.07734222412109375,15.370235562324524,1000.0,0.9162806868553162,0.6970958113670349,0.0020233807,-0.003334948531119153,7.279455661773682,-24.42247893810272
1648,22064,36372480,555,35.140953540802,1.2302258014678955,0.0001,5540,0.1,0.0660400390625,16.08283998966217,1000.0,0.9112626910209656,0.6964925527572632,0.001756427,-0.0035110497497953474,8.263591766357422,-24.404652953147888
1648,22100,36438016,556,34.99653124809265,1.2184598445892334,0.0001,5550,0.1,0.0775390625,16.246976232528688,1000.0,0.9087187051773071,0.6962852478027344,0.0019519787,-0.0035872730892151593,7.8339009284973145,-24.389368748664857
1648,22137,36503552,557,35.70817947387695,1.1447930335998535,0.0001,5560,0.1,0.070849609375,13.987602186203002,1000.0,0.9233782291412354,0.6957847476005554,0.0018912777,-0.003478948256815784,6.963653564453125,-24.3737512588501
1649,22174,36569088,558,35.71303200721741,1.1320915222167969,0.0001,5570,0.1,0.0722564697265625,17.320527064800263,1000.0,0.9041794538497925,0.6950440406799316,0.0019553462,-0.003720463199715596,8.86536979675293,-24.348750948905945
1649,22210,36634624,559,34.710081338882446,1.1091997623443604,0.0001,5580,0.1,0.068603515625,15.41997537612915,1000.0,0.9134523868560791,0.6944642066955566,0.0020346963,-0.0034447991361957974,8.043039321899414,-24.3237016916275
1649,22246,36700160,560,35.461814165115356,1.2077069282531738,0.0001,5590,0.1,0.07296142578125,15.877595865726471,1000.0,0.9120779037475586,0.6938755512237549,0.0021924865,-0.00312857388635166,7.9209489822387695,-24.302093505859375
1649,22282,36765696,561,35.044525384902954,1.1394984722137451,0.0001,5600,0.1,0.07596588134765625,14.801283073425292,1000.0,0.9177219867706299,0.6934118270874023,0.0018338105,-0.003239430647226982,6.875679969787598,-24.28143904209137
1650,22319,36831232,562,35.5935332775116,1.0392436981201172,0.0001,5610,0.1,0.07132110595703126,17.231573235988616,1000.0,0.9059015512466431,0.6925942301750183,0.0018710061,-0.00335146948491456,7.895439624786377,-24.255398654937743
1650,22356,36896768,563,35.8599534034729,1.1517443656921387,0.0001,5620,0.1,0.08418731689453125,15.456277203559875,1000.0,0.9147177338600159,0.6920501589775085,0.0019952753,-0.0034482448361814024,8.003678321838379,-24.228772902488707
1650,22392,36962304,564,34.93363165855408,1.2010610103607178,0.0001,5630,0.1,0.07553558349609375,16.815292835235596,1000.0,0.9110839366912842,0.6918623447418213,0.0019729508,-0.0033572278029168957,8.7215576171875,-24.216575622558594
1650,22429,37027840,565,35.66079092025757,1.1549115180969238,0.0001,5640,0.1,0.0713653564453125,16.48901104927063,1000.0,0.9139883518218994,0.6912262439727783,0.0020209383,-0.003528991983330343,8.583375930786133,-24.201413702964782
1651,22466,37093376,566,35.85733914375305,1.1448895931243896,0.0001,5650,0.1,0.08025665283203125,16.062227499485015,1000.0,0.9156113862991333,0.6904233694076538,0.0019613176,-0.0037528168031712994,8.363119125366211,-24.17261598110199
1651,22503,37158912,567,35.44251084327698,1.2425909042358398,0.0001,5660,0.1,0.07877044677734375,14.406693768501281,1000.0,0.926362156867981,0.6901555061340332,0.001990179,-0.003484341841249261,6.980915546417236,-24.152474188804625
1651,22540,37224448,568,35.69326829910278,1.1894237995147705,0.0001,5670,0.1,0.07324066162109374,14.258262813091278,1000.0,0.920975923538208,0.6896812915802002,0.0020728372,-0.003520882985321805,7.027832508087158,-24.13619797229767
1651,22576,37289984,569,35.40066862106323,1.1847686767578125,0.0001,5680,0.1,0.07289886474609375,14.858215832710266,1000.0,0.9199542999267578,0.6892704963684082,0.0018712591,-0.0033579348149942235,7.779829978942871,-24.11740243434906
1651,22613,37355520,570,35.50441026687622,1.2135050296783447,0.0001,5690,0.1,0.077581787109375,15.955787551403045,1000.0,0.9171263575553894,0.688473105430603,0.0020121958,-0.003420221069245599,7.342007160186768,-24.097528076171876
1652,22649,37421056,571,35.29581069946289,1.1638288497924805,0.0001,5700,0.1,0.06866607666015626,16.848553228378297,1000.0,0.9082676768302917,0.6879722476005554,0.0017977762,-0.0030913617491023617,8.24542236328125,-24.07380576133728
1652,22686,37486592,572,34.912370681762695,1.3281888961791992,0.0001,5710,0.1,0.07776031494140626,14.595718288421631,1000.0,0.9252835512161255,0.6874183416366577,0.0019784963,-0.0032588709553238006,7.675361156463623,-24.053511643409728
1652,22722,37552128,573,34.807947397232056,1.1412293910980225,0.0001,5720,0.1,0.07646026611328124,16.703354918956755,1000.0,0.9108907580375671,0.6869720816612244,0.0019161879,-0.00346003968588775,7.868417739868164,-24.033656668663024
1652,22758,37617664,574,35.24780511856079,1.1818537712097168,0.0001,5730,0.1,0.07893524169921876,16.80694237947464,1000.0,0.9124696254730225,0.686593234539032,0.0020553852,-0.003379629136179574,8.254655838012695,-24.015447878837584
1653,22794,37683200,575,34.57890844345093,1.114262580871582,0.0001,5740,0.1,0.08012542724609376,16.255283904075622,1000.0,0.9154351353645325,0.6855003237724304,0.0021370407,-0.003740554141404573,8.720056533813477,-23.985187816619874
1653,22829,37748736,576,34.5402569770813,1.1148357391357422,0.0001,5750,0.1,0.07128753662109374,16.367643094062807,1000.0,0.913417637348175,0.6849790811538696,0.0019314605,-0.0035077416454441846,7.279060363769531,-23.95469512939453
1649,22926,37814272,577,35.617186307907104,1.1236236095428467,0.0001,5760,0.1,0.06752777099609375,16.74959388971329,1000.0,0.9132532477378845,0.684777021408081,0.0018056852,-0.0031986796893761493,8.00129508972168,-23.94346947669983
1649,22962,37879808,578,35.54619574546814,60.811923027038574,0.0001,5770,0.1,0.07071685791015625,15.996823942661285,1000.0,0.9166238903999329,0.6846076846122742,0.0019256282,-0.00336657514271792,9.029373168945312,-23.933509969711302
1649,22999,37945344,579,35.10300040245056,1.1207544803619385,0.0001,5780,0.1,0.07576141357421876,16.41485012769699,1000.0,0.914560079574585,0.6839383840560913,0.0019946177,-0.003302186357905157,7.814964771270752,-23.918267059326173
1650,23036,38010880,580,35.97168779373169,1.112323522567749,0.0001,5790,0.1,0.0700714111328125,18.03831570148468,1000.0,0.9043008685112,0.6837054491043091,0.0019233795,-0.00306451233336702,8.16085147857666,-23.90031704902649
1650,23072,38076416,581,35.009427547454834,1.2313718795776367,0.0001,5800,0.1,0.07612762451171876,13.954385042190552,1000.0,0.9261425733566284,0.6830826997756958,0.0020320374,-0.0034975391914485953,6.614413738250732,-23.882782459259033
1650,23108,38141952,582,34.49554514884949,1.1472246646881104,0.0001,5810,0.1,0.0759613037109375,16.128657984733582,1000.0,0.917037308216095,0.6827071905136108,0.0019519192,-0.003354811680037528,7.544604778289795,-23.86131739616394
1650,23143,38207488,583,34.6117582321167,1.1219532489776611,0.0001,5820,0.1,0.07813873291015624,18.227400636672975,1000.0,0.9073420166969299,0.6825653314590454,0.001985035,-0.003429118673375342,8.29926586151123,-23.849407458305357
1651,23180,38273024,584,35.31993532180786,1.180804967880249,0.0001,5830,0.1,0.0783447265625,16.212023186683655,1000.0,0.9187989234924316,0.6820032000541687,0.0019622664,-0.0032274896795570383,8.275476455688477,-23.836943364143373
1651,23217,38338560,585,35.76488542556763,1.1909384727478027,0.0001,5840,0.1,0.08202362060546875,16.861858570575713,1000.0,0.911531925201416,0.6812251806259155,0.0020993107,-0.003679647312674206,8.839723587036133,-23.811332559585573
1651,23253,38404096,586,35.143712282180786,1.2282953262329102,0.0001,5850,0.1,0.07996368408203125,14.719929563999177,1000.0,0.9208746552467346,0.6811198592185974,0.002251845,-0.0034854657511459663,7.10108757019043,-23.79557375907898
1651,23289,38469632,587,35.11829423904419,1.1633484363555908,0.0001,5860,0.1,0.07386474609375,16.716350078582764,1000.0,0.9159749746322632,0.6806354522705078,0.0019669519,-0.003459824790479615,8.296008110046387,-23.786589765548705
1651,23326,38535168,588,35.32037687301636,1.1744236946105957,0.0001,5870,0.1,0.06715545654296876,17.505444610118865,1000.0,0.9099082350730896,0.6804970502853394,0.0018416382,-0.0032289610884618015,8.392419815063477,-23.77414827346802
1652,23362,38600704,589,35.113487005233765,1.2010829448699951,0.0001,5880,0.1,0.0791839599609375,16.174285876750947,1000.0,0.9167967438697815,0.6796321272850037,0.0020257053,-0.0036235130770364775,7.860922813415527,-23.755713152885438
1652,23399,38666240,590,35.33753275871277,1.1770594120025635,0.0001,5890,0.1,0.07501220703125,16.35286388397217,1000.0,0.9194509387016296,0.6791156530380249,0.0018963071,-0.0034191103986813687,7.520997524261475,-23.727833724021913
1652,23435,38731776,591,35.347840547561646,1.1772961616516113,0.0001,5900,0.1,0.0764801025390625,15.583145725727082,1000.0,0.9208621978759766,0.6786068677902222,0.002221058,-0.0034551850927527993,7.605210781097412,-23.708036422729492
1652,23472,38797312,592,35.20976281166077,1.113173484802246,0.0001,5910,0.1,0.07811279296875,17.75627943277359,1000.0,0.9105616807937622,0.6783000826835632,0.0020572087,-0.003603303013369441,9.266678810119629,-23.692556619644165
1653,23508,38862848,593,34.90662622451782,1.1249067783355713,0.0001,5920,0.1,0.07869873046875,15.055706393718719,1000.0,0.9246048927307129,0.6779319643974304,0.0019996692,-0.0034685325939790347,8.348126411437988,-23.679394173622132
1653,23543,38928384,594,34.73612999916077,1.1219580173492432,0.0001,5930,0.1,0.08372650146484376,15.462321591377258,1000.0,0.9218594431877136,0.6776970624923706,0.0021994933,-0.003662574238842353,7.6039581298828125,-23.664078569412233
1653,23579,38993920,595,34.46209192276001,1.1298902034759521,0.0001,5940,0.1,0.07872467041015625,16.853818690776826,1000.0,0.9168703556060791,0.6772793531417847,0.0021253352,-0.0033791067195124923,8.125266075134277,-23.649716305732728
1653,23615,39059456,596,34.76157259941101,1.0901167392730713,0.0001,5950,0.1,0.07778167724609375,18.581629943847656,1000.0,0.9091784358024597,0.6770521402359009,0.0019277367,-0.003407619596691802,9.182892799377441,-23.634144830703736
1654,23651,39124992,597,34.54744076728821,1.2265827655792236,0.0001,5960,0.1,0.07542877197265625,19.587570238113404,1000.0,0.9037073254585266,0.6768686175346375,0.0019562377,-0.003337937888863962,9.721563339233398,-23.623436641693115
1654,23687,39190528,598,35.204181432724,1.1813995838165283,0.0001,5970,0.1,0.07591400146484376,17.904926228523255,1000.0,0.9089506268501282,0.6768864393234253,0.0018954336,-0.0033414700621506198,8.316447257995605,-23.617103624343873
1654,23723,39256064,599,35.126561880111694,1.1416065692901611,0.0001,5980,0.1,0.07243804931640625,17.89902219772339,1000.0,0.9093940258026123,0.6768707036972046,0.00204964,-0.0031012402832857333,8.838324546813965,-23.612793374061585
1654,23760,39321600,600,34.96265244483948,1.190441370010376,0.0001,5990,0.1,0.07235260009765625,17.797670078277587,1000.0,0.9083907008171082,0.6767826080322266,0.0019906526,-0.003556407557334751,8.65796184539795,-23.608923864364623
1655,23796,39387136,601,35.06941032409668,1.2168614864349365,0.0001,6000,0.1,0.07640533447265625,16.553066110610963,1000.0,0.9155365228652954,0.6764140129089355,0.0020233947,-0.0036483308605966156,7.623706817626953,-23.599377727508546
1655,23832,39452672,602,34.84174609184265,1.2303516864776611,0.0001,6010,0.1,0.0779144287109375,16.036613941192627,1000.0,0.9167766571044922,0.6765869855880737,0.0020351782,-0.003369121835567057,8.25610637664795,-23.594398498535156
1655,23867,39518208,603,34.075382232666016,1.1750638484954834,0.0001,6020,0.1,0.075665283203125,14.703485214710236,1000.0,0.9223521947860718,0.6760661602020264,0.0020649647,-0.0033634650142630564,7.694351673126221,-23.5869225025177
1655,23903,39583744,604,35.21001696586609,1.137681245803833,0.0001,6030,0.1,0.06837310791015624,16.78028964996338,1000.0,0.9152001738548279,0.6757988929748535,0.0019966587,-0.0034305788154597393,8.329167366027832,-23.56981782913208
1656,23940,39649280,605,35.08035731315613,1.1211285591125488,0.0001,6040,0.1,0.07707366943359376,14.521730756759643,1000.0,0.9256649017333984,0.6756142377853394,0.0022238756,-0.0033366109666530972,7.151515960693359,-23.55771315097809
1656,23975,39714816,606,34.4321186542511,1.0912716388702393,0.0001,6050,0.1,0.0834320068359375,16.329557883739472,1000.0,0.9215550422668457,0.6744865775108337,0.0021645399,-0.0036507748285657727,8.057574272155762,-23.533159303665162
1656,24011,39780352,607,34.810542345047,1.1268620491027832,0.0001,6060,0.1,0.07751007080078125,15.383271300792694,1000.0,0.9236029386520386,0.6736640334129333,0.001988543,-0.0033317324916424694,7.7242560386657715,-23.496502423286437
1656,24048,39845888,608,35.28555154800415,1.1267921924591064,0.0001,6070,0.1,0.0811279296875,16.48143118619919,1000.0,0.9210346341133118,0.6733959913253784,0.0018902359,-0.0032074142902274614,7.597762584686279,-23.47539887428284
1657,24084,39911424,609,35.19806361198425,1.2425918579101562,0.0001,6080,0.1,0.07115936279296875,17.392768156528472,1000.0,0.9141695499420166,0.6733084917068481,0.0019647253,-0.0035022933676373213,7.715723991394043,-23.46687388420105
1657,24120,39976960,610,34.71970224380493,1.1547908782958984,0.0001,6090,0.1,0.0809906005859375,16.817087626457216,1000.0,0.919628381729126,0.6731621623039246,0.0020608609,-0.003266344440635294,7.9370036125183105,-23.462303376197816
1657,24156,40042496,611,34.93324041366577,1.126448154449463,0.0001,6100,0.1,0.06832122802734375,20.451289772987366,1000.0,0.9006774425506592,0.672795295715332,0.0019412232,-0.0032795889375847763,10.106812477111816,-23.449773621559142
1657,24191,40108032,612,34.398505449295044,1.1552047729492188,0.0001,6110,0.1,0.08055267333984376,17.61808933019638,1000.0,0.9143733978271484,0.6723212003707886,0.0019773531,-0.003450454675476067,8.04996109008789,-23.43263621330261
1658,24227,40173568,613,34.972967863082886,1.0395288467407227,0.0001,6120,0.1,0.07910919189453125,16.926322841644286,1000.0,0.9164227247238159,0.6717097759246826,0.002109865,-0.0031159677309915423,7.801222324371338,-23.4125116109848
1658,24264,40239104,614,35.12651038169861,1.1224586963653564,0.0001,6130,0.1,0.07563018798828125,16.429425597190857,1000.0,0.9216987490653992,0.6715532541275024,0.0019595479,-0.0034493309023673644,7.763291358947754,-23.395584511756898
1658,24300,40304640,615,34.98875284194946,1.090829849243164,0.0001,6140,0.1,0.0812835693359375,17.13893131017685,1000.0,0.9187001585960388,0.6710378527641296,0.002150179,-0.003377644553256687,8.544313430786133,-23.379386687278746
1658,24337,40370176,616,35.82989239692688,1.1324493885040283,0.0001,6150,0.1,0.0755126953125,14.46187195777893,1000.0,0.9298163652420044,0.670592188835144,0.0019841995,-0.0035489270696416495,6.442304611206055,-23.354578709602357
1659,24372,40435712,617,34.458704471588135,1.1334350109100342,0.0001,6160,0.1,0.07814788818359375,18.75150089263916,1000.0,0.9102469682693481,0.6702554225921631,0.001974137,-0.003361892176326364,8.830284118652344,-23.34176347255707
1659,24409,40501248,618,35.11471390724182,1.1475582122802734,0.0001,6170,0.1,0.07459259033203125,18.341090321540833,1000.0,0.9118208885192871,0.6700314879417419,0.002125187,-0.003371643066930119,8.714874267578125,-23.33290750980377
1659,24445,40566784,619,35.20742845535278,1.1233258247375488,0.0001,6180,0.1,0.0743865966796875,15.6709698677063,1000.0,0.9250378608703613,0.6688045263290405,0.0020722519,-0.0034422388664097523,7.5229268074035645,-23.30572929382324
1659,24482,40632320,620,35.540160179138184,1.1081984043121338,0.0001,6190,0.1,0.06520538330078125,15.80667312145233,1000.0,0.9233404994010925,0.6682133674621582,0.0017806548,-0.003151381341740489,7.8778300285339355,-23.27038414478302
1659,24518,40697856,621,35.144264698028564,1.152479648590088,0.0001,6200,0.1,0.07479400634765625,18.71003153324127,1000.0,0.9113641977310181,0.6679975986480713,0.0022363625,-0.0033270791165705303,9.130454063415527,-23.253759694099426
1660,24554,40763392,622,35.14074420928955,1.1689133644104004,0.0001,6210,0.1,0.0787872314453125,16.12450466156006,1000.0,0.9219895005226135,0.6675702929496765,0.0022753999,-0.0035015389643376694,7.541261672973633,-23.240792012214662
1660,24590,40828928,623,35.14733409881592,1.0974674224853516,0.0001,6220,0.1,0.076959228515625,18.14264588356018,1000.0,0.9150624871253967,0.6673843860626221,0.0019859788,-0.003416243169340305,8.933820724487305,-23.22960455417633
1660,24626,40894464,624,34.696544885635376,1.1420509815216064,0.0001,6230,0.1,0.07782440185546875,17.892058169841768,1000.0,0.914461076259613,0.6666429042816162,0.0020060572,-0.0033127139846328645,9.45576000213623,-23.210446572303773
1660,24662,40960000,625,34.80722784996033,1.1440811157226562,0.0001,6240,0.1,0.080865478515625,15.354194188117981,1000.0,0.9274631142616272,0.6659886240959167,0.0021761048,-0.0038107940039481037,7.786979675292969,-23.182742834091187
1661,24698,41025536,626,34.57933330535889,1.1489572525024414,0.0001,6250,0.1,0.073858642578125,17.98497916460037,1000.0,0.9192193746566772,0.6651591062545776,0.0019062818,-0.003316164507123176,8.552413940429688,-23.152060508728027
1661,24734,41091072,627,35.05456066131592,1.0871894359588623,0.0001,6260,0.1,0.080633544921875,17.759267818927764,1000.0,0.9150522947311401,0.664729118347168,0.0021513896,-0.003622315378743224,9.122163772583008,-23.125965094566347
1661,24770,41156608,628,34.99699544906616,1.1322441101074219,0.0001,6270,0.1,0.07375640869140625,15.694227945804595,1000.0,0.9243277311325073,0.6644428372383118,0.0020234413,-0.003330397557874676,7.174048900604248,-23.11034185886383
1661,24807,41222144,629,35.33352780342102,1.1644184589385986,0.0001,6280,0.1,0.0803741455078125,16.49610278606415,1000.0,0.9244720339775085,0.6639274954795837,0.0020930083,-0.0035667755633767228,8.427641868591309,-23.091338205337525
1661,24843,41287680,630,34.76715087890625,1.1820785999298096,0.0001,6290,0.1,0.073248291015625,18.019999969005585,1000.0,0.9158939123153687,0.6636971831321716,0.0020197285,-0.003346396030974574,9.361956596374512,-23.074376344680786
1662,24879,41353216,631,35.120311975479126,1.2067663669586182,0.0001,6300,0.1,0.07768707275390625,18.541041493415833,1000.0,0.910330593585968,0.6631671190261841,0.0021978342,-0.003169384282955434,9.231345176696777,-23.057450151443483
1662,24915,41418752,632,34.85099911689758,1.1091361045837402,0.0001,6310,0.1,0.07966461181640624,17.9954261302948,1000.0,0.9139505624771118,0.6630215644836426,0.002114093,-0.003384731422556797,9.401304244995117,-23.041954612731935
1662,24951,41484288,633,35.26480054855347,1.1186370849609375,0.0001,6320,0.1,0.0811920166015625,16.238636720180512,1000.0,0.9221999049186707,0.6627973914146423,0.0020984528,-0.0036635575132095257,8.222027778625488,-23.033665895462036
1662,24988,41549824,634,35.222185373306274,1.1493799686431885,0.0001,6330,0.1,0.08152618408203124,15.416050028800964,1000.0,0.9270256161689758,0.6624501943588257,0.0020365738,-0.003451728635263862,8.13942813873291,-23.01989426612854
1662,25024,41615360,635,35.303236961364746,1.155318260192871,0.0001,6340,0.1,0.0801727294921875,16.740491890907286,1000.0,0.9208933115005493,0.6623329520225525,0.0020087361,-0.003529441720456816,8.408726692199707,-23.009195828437804
1663,25061,41680896,636,35.591816902160645,1.1949920654296875,0.0001,6350,0.1,0.07938232421875,16.921185863018035,1000.0,0.9206716418266296,0.6617256999015808,0.0021688074,-0.003458767616393743,8.431331634521484,-22.992595887184144
1663,25098,41746432,637,36.29063844680786,1.1780264377593994,0.0001,6360,0.1,0.08704986572265624,16.49528932571411,1000.0,0.9190735220909119,0.6617288589477539,0.0021930928,-0.0036775982574908995,7.737672805786133,-22.976997423171998
1663,25136,41811968,638,36.10442805290222,1.2063672542572021,0.0001,6370,0.1,0.078424072265625,18.703358364105224,1000.0,0.9107311964035034,0.6613415479660034,0.002022034,-0.0032989484519930557,9.326615333557129,-22.967785787582397
1663,25173,41877504,639,35.71929049491882,1.1774232387542725,0.0001,6380,0.1,0.0741851806640625,17.05326713323593,1000.0,0.9243566393852234,0.6611446142196655,0.0020299547,-0.0033613642313866875,8.170960426330566,-22.954714202880858
1663,25209,41943040,640,35.64804434776306,1.1407291889190674,0.0001,6390,0.1,0.07665252685546875,16.5191130399704,1000.0,0.9200853705406189,0.6606372594833374,0.0021517484,-0.0033179522695718335,8.433391571044922,-22.939515376091002
1660,25305,42008576,641,35.11512565612793,1.1532881259918213,0.0001,6400,0.1,0.0868255615234375,16.21977640390396,1000.0,0.9234938621520996,0.6606959700584412,0.002078338,-0.0034857427919632753,8.057967185974121,-22.92741467952728
1660,25341,42074112,642,35.10581970214844,60.12733054161072,0.0001,6410,0.1,0.07648468017578125,19.101562237739564,1000.0,0.9115982055664062,0.660792350769043,0.0019507571,-0.003357299453637097,9.218299865722656,-22.930483603477477
1660,25377,42139648,643,34.75961685180664,1.1279637813568115,0.0001,6420,0.1,0.077996826171875,16.034391665458678,1000.0,0.9221940636634827,0.660128116607666,0.002219091,-0.0033995528385275973,6.682129859924316,-22.917547202110292
1660,25413,42205184,644,35.069432497024536,1.1608622074127197,0.0001,6430,0.1,0.077532958984375,14.796089887619019,1000.0,0.9297133088111877,0.6599544882774353,0.002100552,-0.003672328400716651,7.0245537757873535,-22.89837553501129
1660,25449,42270720,645,34.75991153717041,1.2263669967651367,0.0001,6440,0.1,0.07821807861328126,18.043416237831117,1000.0,0.9174224734306335,0.6600265502929688,0.0021355425,-0.003438478129100986,8.94518756866455,-22.892716765403748
1661,25485,42336256,646,34.62451195716858,1.184847116470337,0.0001,6450,0.1,0.0876922607421875,17.672788774967195,1000.0,0.919058084487915,0.659546971321106,0.002066008,-0.003545493067940697,8.879809379577637,-22.88164460659027
1661,25521,42401792,647,35.40076994895935,1.1758625507354736,0.0001,6460,0.1,0.078765869140625,19.746448278427124,1000.0,0.9132518172264099,0.6589611768722534,0.0020772177,-0.0034086692860000765,9.806525230407715,-22.86156029701233
1661,25559,42467328,648,36.024243116378784,1.1404197216033936,0.0001,6470,0.1,0.07867584228515626,19.090054273605347,1000.0,0.911086916923523,0.658487856388092,0.0020380216,-0.00350177101790905,9.271836280822754,-22.842500281333923
1661,25595,42532864,649,35.5417582988739,1.2011456489562988,0.0001,6480,0.1,0.0847442626953125,16.214085900783537,1000.0,0.9244110584259033,0.6581640243530273,0.0022646987,-0.003421133491792716,8.087005615234375,-22.827572727203368
1661,25632,42598400,650,35.40767860412598,1.1669378280639648,0.0001,6490,0.1,0.078631591796875,18.369928431510925,1000.0,0.9155796766281128,0.6581723093986511,0.0019155579,-0.0033840218879049645,9.251763343811035,-22.818350076675415
1662,25668,42663936,651,34.85350012779236,1.1754844188690186,0.0001,6500,0.1,0.0821075439453125,18.05147840976715,1000.0,0.9168281555175781,0.6574181914329529,0.002172052,-0.0033216469499166125,8.540217399597168,-22.80505726337433
1662,25704,42729472,652,34.73908305168152,1.1809844970703125,0.0001,6510,0.1,0.07921600341796875,17.483785235881804,1000.0,0.9212186336517334,0.6571238040924072,0.0021033934,-0.0035486594686517494,8.118072509765625,-22.78484663963318
1662,25740,42795008,653,35.277594566345215,1.15566086769104,0.0001,6520,0.1,0.06652374267578125,18.81859686374664,1000.0,0.913171648979187,0.656623363494873,0.0018034582,-0.00322745801822748,9.709329605102539,-22.76885607242584
1662,25776,42860544,654,34.62931990623474,1.1590855121612549,0.0001,6530,0.1,0.07413787841796875,18.213747787475587,1000.0,0.9170560240745544,0.6558609008789062,0.00178112,-0.0032957356321276165,8.96700382232666,-22.74392111301422
1662,25813,42926080,655,35.72922992706299,1.163675308227539,0.0001,6540,0.1,0.0812286376953125,18.286795997619627,1000.0,0.9155364036560059,0.6550477147102356,0.0021857936,-0.0034444889606675133,8.877796173095703,-22.71327109336853
1663,25849,42991616,656,34.87787985801697,1.0494718551635742,0.0001,6550,0.1,0.0750885009765625,19.16878514289856,1000.0,0.9127480983734131,0.6545045375823975,0.0019480579,-0.003362307955103461,9.719212532043457,-22.688273072242737
1663,25885,43057152,657,35.26821041107178,1.1795837879180908,0.0001,6560,0.1,0.0809326171875,16.343286061286925,1000.0,0.9228137731552124,0.654426097869873,0.001998416,-0.0035558370378566905,7.660340309143066,-22.674216866493225
1663,25921,43122688,658,34.66897940635681,1.1853163242340088,0.0001,6570,0.1,0.08134307861328124,18.69851384162903,1000.0,0.912884533405304,0.6540369987487793,0.0021765083,-0.0035964947295724415,9.61572551727295,-22.663014125823974
1663,25958,43188224,659,35.246822357177734,1.1426568031311035,0.0001,6580,0.1,0.07716064453125,18.23810942173004,1000.0,0.9186701774597168,0.6535401344299316,0.002096734,-0.0033983332628849893,8.321036338806152,-22.640749382972718
1663,25995,43253760,660,35.87692332267761,1.1575920581817627,0.0001,6590,0.1,0.07652740478515625,19.380467319488524,1000.0,0.9110879898071289,0.6534161567687988,0.001962616,-0.0034175902866991235,9.168362617492676,-22.624925398826598
1664,26031,43319296,661,35.21570348739624,1.1683096885681152,0.0001,6600,0.1,0.07687225341796874,17.55026730298996,1000.0,0.916597306728363,0.6529615521430969,0.0020186335,-0.0032275867379212286,7.621800899505615,-22.61429054737091
1664,26068,43384832,662,35.489646196365356,1.1215481758117676,0.0001,6610,0.1,0.08037109375,19.287219095230103,1000.0,0.9114267826080322,0.6522731184959412,0.0022454895,-0.003455899501568638,9.960352897644043,-22.592585611343384
1664,26103,43450368,663,34.455724239349365,1.1127288341522217,0.0001,6620,0.1,0.0965118408203125,18.689268946647644,1000.0,0.914322555065155,0.6516993045806885,0.0022000875,-0.003411355619027745,8.59238338470459,-22.56796865463257
1664,26139,43515904,664,34.47086501121521,1.155757188796997,0.0001,6630,0.1,0.0868133544921875,18.316314816474915,1000.0,0.9151360988616943,0.6511980891227722,0.0020336527,-0.003324718248040881,9.557171821594238,-22.54277358055115
1664,26175,43581440,665,34.58207988739014,1.1795692443847656,0.0001,6640,0.1,0.08119659423828125,19.60458359718323,1000.0,0.9096580743789673,0.6506406664848328,0.0021373266,-0.0032315746313543057,9.443997383117676,-22.519097661972047
1665,26210,43646976,666,34.40331983566284,1.1923344135284424,0.0001,6650,0.1,0.08191986083984375,19.34642961025238,1000.0,0.9130972027778625,0.650323748588562,0.0022264444,-0.00340977655723691,9.541106224060059,-22.49929916858673
1665,26247,43712512,667,35.724528789520264,1.1473019123077393,0.0001,6660,0.1,0.09254913330078125,20.10525107383728,1000.0,0.9067661762237549,0.6498668193817139,0.0023823767,-0.0031999318729504012,9.61336898803711,-22.4831600189209
1665,26284,43778048,668,35.819512128829956,1.166748046875,0.0001,6670,0.1,0.08409271240234376,18.464644813537596,1000.0,0.9159224629402161,0.6495445966720581,0.0020276695,-0.0033162677616928706,8.823521614074707,-22.467405486106873
1665,26321,43843584,669,35.61916732788086,1.194486379623413,0.0001,6680,0.1,0.08123321533203125,19.491510438919068,1000.0,0.9161208868026733,0.6493491530418396,0.0020740314,-0.0034738221409497784,9.566750526428223,-22.457656979560852
1665,26357,43909120,670,34.824201822280884,1.1075642108917236,0.0001,6690,0.1,0.08469390869140625,17.427663445472717,1000.0,0.9244974255561829,0.6488579511642456,0.002177633,-0.003454521238745656,8.259803771972656,-22.442929673194886
1666,26394,43974656,671,35.78370666503906,1.1658282279968262,0.0001,6700,0.1,0.07652740478515625,20.44286952018738,1000.0,0.9102792739868164,0.6484953165054321,0.0018754397,-0.0034349129957263356,10.577203750610352,-22.424506497383117
1666,26431,44040192,672,35.73874282836914,1.1641819477081299,0.0001,6710,0.1,0.0747039794921875,21.522556591033936,1000.0,0.9007217288017273,0.6480545997619629,0.0019189592,-0.003274261942715384,10.438722610473633,-22.408223128318788
1666,26467,44105728,673,35.36958599090576,1.1939318180084229,0.0001,6720,0.1,0.08011016845703126,20.93788456916809,1000.0,0.9089969992637634,0.6478396654129028,0.0021865491,-0.003282940470671747,9.85462760925293,-22.393109440803528
1666,26503,44171264,674,35.121596574783325,1.114628791809082,0.0001,6730,0.1,0.0843231201171875,15.759490466117859,1000.0,0.9259215593338013,0.6474460363388062,0.0023617242,-0.003303035470889881,7.664230823516846,-22.38002347946167
1666,26539,44236800,675,34.48319339752197,1.1950671672821045,0.0001,6740,0.1,0.08608245849609375,20.546083831787108,1000.0,0.9084686040878296,0.6466829776763916,0.0019540156,-0.003017517372063594,9.9534912109375,-22.353325366973877
1667,26575,44302336,676,35.0869779586792,1.1386823654174805,0.0001,6750,0.1,0.083563232421875,19.916841411590575,1000.0,0.9105931520462036,0.6463843584060669,0.0021966395,-0.0034452602340024896,9.281344413757324,-22.33308837413788
1667,26611,44367872,677,34.879722118377686,1.167175054550171,0.0001,6760,0.1,0.08507537841796875,20.8400249004364,1000.0,0.9067785143852234,0.6464089155197144,0.0021447437,-0.0032995035115163775,11.492478370666504,-22.32724506855011
1667,26648,44433408,678,35.79725623130798,1.1577742099761963,0.0001,6770,0.1,0.077496337890625,19.758519887924194,1000.0,0.9084516763687134,0.6455206871032715,0.0020096041,-0.003477626481617335,9.918564796447754,-22.311490964889526
1667,26685,44498944,679,35.57452750205994,1.1797235012054443,0.0001,6780,0.1,0.080499267578125,20.66964101791382,1000.0,0.9042869210243225,0.6451716423034668,0.0021884944,-0.003505753562785685,10.309957504272461,-22.28379669189453
1667,26721,44564480,680,34.90309023857117,1.2070603370666504,0.0001,6790,0.1,0.0794921875,18.67766876220703,1000.0,0.9170761108398438,0.6450765132904053,0.0020317133,-0.0036449797422392293,8.858278274536133,-22.270828795433044
1667,26758,44630016,681,35.39323091506958,1.2072277069091797,0.0001,6800,0.1,0.07884368896484376,18.857301664352416,1000.0,0.9103426337242126,0.6450529098510742,0.0020619445,-0.003313656756654382,8.96278190612793,-22.26574785709381
1668,26795,44695552,682,35.61142587661743,1.1834769248962402,0.0001,6810,0.1,0.0784088134765625,20.57754533290863,1000.0,0.9108518362045288,0.6445733308792114,0.002162367,-0.003373070312954951,10.282106399536133,-22.253933548927307
1668,26831,44761088,683,35.48142075538635,1.1703569889068604,0.0001,6820,0.1,0.08520965576171875,19.181866002082824,1000.0,0.9140993356704712,0.6442196369171143,0.0021399106,-0.003502686972205993,10.334573745727539,-22.236540770530702
1668,26869,44826624,684,36.09657168388367,1.1774089336395264,0.0001,6830,0.1,0.080474853515625,21.102648901939393,1000.0,0.9076111316680908,0.643847644329071,0.002137743,-0.003345902137516532,10.056995391845703,-22.219767093658447
1668,26905,44892160,685,35.32331299781799,1.1582019329071045,0.0001,6840,0.1,0.08212127685546874,19.74934139251709,1000.0,0.9102811217308044,0.6435688734054565,0.00211016,-0.003290267428383231,9.072259902954102,-22.2088814496994
1668,26941,44957696,686,34.81502342224121,1.2026445865631104,0.0001,6850,0.1,0.09305572509765625,17.614309322834014,1000.0,0.9229832887649536,0.6436115503311157,0.0024416107,-0.0035043017516727558,8.516633987426758,-22.20294842720032
1668,26977,45023232,687,35.17552328109741,1.1336658000946045,0.0001,6860,0.1,0.07997283935546876,20.974582958221436,1000.0,0.9114266633987427,0.6433817744255066,0.002013328,-0.002989637436985504,10.162945747375488,-22.20061411857605
1669,27014,45088768,688,35.76235842704773,1.169429063796997,0.0001,6870,0.1,0.08681182861328125,20.386466002464296,1000.0,0.9091247916221619,0.6431466937065125,0.002287017,-0.0033671728961053304,10.673249244689941,-22.191559195518494
1669,27050,45154304,689,34.76475429534912,1.129765510559082,0.0001,6880,0.1,0.0789794921875,20.09997401237488,1000.0,0.9096490740776062,0.6427831053733826,0.0019635959,-0.0033531191264046358,9.394369125366211,-22.179514670372008
1669,27087,45219840,690,35.96868872642517,1.2014186382293701,0.0001,6890,0.1,0.0869110107421875,22.137225818634032,1000.0,0.9024754762649536,0.6424358487129211,0.0021586593,-0.003147490673291031,10.552024841308594,-22.165608763694763
1669,27123,45285376,691,34.90100693702698,1.1032228469848633,0.0001,6900,0.1,0.08453369140625,20.422104954719543,1000.0,0.9108394980430603,0.642106294631958,0.0022177226,-0.003313993802294135,9.460336685180664,-22.153309559822084
1669,27159,45350912,692,34.930355072021484,1.1788766384124756,0.0001,6910,0.1,0.0804443359375,23.503990268707277,1000.0,0.8965409994125366,0.6416532397270203,0.0019416288,-0.003187287598848343,12.356528282165527,-22.139229226112366
1669,27196,45416448,693,35.296011209487915,1.1402206420898438,0.0001,6920,0.1,0.0901397705078125,21.145797228813173,1000.0,0.9065529108047485,0.6416736841201782,0.0021190199,-0.0032302373641869054,10.023699760437012,-22.133198833465578
1670,27233,45481984,694,35.566587924957275,1.1566267013549805,0.0001,6930,0.1,0.09018096923828126,22.188878178596497,1000.0,0.9014859795570374,0.6412185430526733,0.0021239826,-0.003447772418439854,10.759288787841797,-22.125336480140685
1670,27269,45547520,695,35.342509269714355,1.183549165725708,0.0001,6940,0.1,0.08133697509765625,20.37278561592102,1000.0,0.9043213129043579,0.6411435604095459,0.002145737,-0.0033910136451595465,9.77265739440918,-22.112079763412474
1670,27306,45613056,696,35.360774993896484,1.1719200611114502,0.0001,6950,0.1,0.08078460693359375,20.129537510871888,1000.0,0.9075394868850708,0.640752375125885,0.0020643868,-0.0035399729138589466,10.639350891113281,-22.10242760181427
1670,27344,45678592,697,36.77492046356201,1.1339192390441895,0.0001,6960,0.1,0.08050994873046875,24.11446328163147,1000.0,0.8955205678939819,0.6405725479125977,0.002267819,-0.003177297380170785,12.197564125061035,-22.09045515060425
1670,27380,45744128,698,35.533565282821655,1.1500918865203857,0.0001,6970,0.1,0.0883026123046875,20.604835939407348,1000.0,0.908015251159668,0.6401964426040649,0.0020577763,-0.003065227377373958,10.447818756103516,-22.077960634231566
1670,27417,45809664,699,35.879745960235596,1.12461519241333,0.0001,6980,0.1,0.08006591796875,21.068003726005553,1000.0,0.9029086828231812,0.6398383378982544,0.002088263,-0.0030467131626210177,10.504355430603027,-22.06310942173004
1670,27453,45875200,700,34.91427683830261,1.1230103969573975,0.0001,6990,0.1,0.08601531982421876,18.880821228027344,1000.0,0.9135404825210571,0.6399694681167603,0.0021349643,-0.0034678121373872273,9.100162506103516,-22.055440926551817
1671,27489,45940736,701,34.530391454696655,1.1683921813964844,0.0001,7000,0.1,0.08101806640625,22.4155681848526,1000.0,0.9030917286872864,0.6395554542541504,0.002143322,-0.0031394910416565835,10.808115005493164,-22.04702730178833
1671,27525,46006272,702,35.021637201309204,1.1664671897888184,0.0001,7010,0.1,0.090557861328125,19.503606271743774,1000.0,0.9159435033798218,0.6394924521446228,0.0020751916,-0.0036276389015256426,9.877209663391113,-22.034990668296814
1671,27562,46071808,703,35.43052005767822,1.1500663757324219,0.0001,7020,0.1,0.07935028076171875,20.951400685310364,1000.0,0.9057626128196716,0.6389844417572021,0.0023053458,-0.003556963801383972,9.868475914001465,-22.021109676361085
1671,27597,46137344,704,34.42606782913208,1.1597614288330078,0.0001,7030,0.1,0.084271240234375,18.98049728870392,1000.0,0.9171745181083679,0.6385076642036438,0.0021982156,-0.0036012804601341488,9.629705429077148,-21.99954183101654
1668,27693,46202880,705,34.481441020965576,1.1553871631622314,0.0001,7040,0.1,0.0821807861328125,22.655637097358703,1000.0,0.9033987522125244,0.6380190253257751,0.0020726817,-0.0028952884720638396,11.168760299682617,-21.98133752346039
1668,27728,46268416,706,34.542701721191406,60.732216358184814,0.0001,7050,0.1,0.0763671875,21.574677848815917,1000.0,0.900113582611084,0.637401819229126,0.0019879043,-0.0032305072410963474,10.424896240234375,-21.960245037078856
1668,27765,46333952,707,35.37293362617493,1.2448508739471436,0.0001,7060,0.1,0.0776947021484375,20.629711318016053,1000.0,0.9003049731254578,0.6370288729667664,0.0020347682,-0.003146842370915692,10.044524192810059,-21.940752053260802
1668,27801,46399488,708,34.80512595176697,1.1628186702728271,0.0001,7070,0.1,0.08833465576171876,18.29193856716156,1000.0,0.9194106459617615,0.6366338133811951,0.002169542,-0.0032912477559875696,9.202836036682129,-21.924507808685302
1669,27837,46465024,709,34.80215883255005,1.259277105331421,0.0001,7080,0.1,0.07564544677734375,25.832330226898193,1000.0,0.8873867392539978,0.6361579895019531,0.0019857772,-0.003188181160658132,12.382864952087402,-21.90637230873108
1669,27873,46530560,710,35.234736919403076,1.148071050643921,0.0001,7090,0.1,0.07742156982421874,18.741039943695068,1000.0,0.9199303388595581,0.6361308097839355,0.0020621805,-0.003272485230991151,9.22183609008789,-21.89308109283447
1669,27909,46596096,711,34.80654573440552,1.1526618003845215,0.0001,7100,0.1,0.08203277587890626,26.27455790042877,1000.0,0.8860331773757935,0.6357895731925964,0.0019482191,-0.0032135005239979364,12.338677406311035,-21.882430410385133
1669,27945,46661632,712,34.57060432434082,1.1538023948669434,0.0001,7110,0.1,0.08532562255859374,21.736592411994934,1000.0,0.9026896357536316,0.6358410716056824,0.0021468392,-0.003360100628924556,11.312891006469727,-21.874145340919494
1669,27981,46727168,713,34.492910385131836,1.1627683639526367,0.0001,7120,0.1,0.0793365478515625,22.100453472137453,1000.0,0.8947194218635559,0.6353236436843872,0.0018548478,-0.0032197640503000002,9.986673355102539,-21.865687775611878
1670,28017,46792704,714,35.02352833747864,1.1904492378234863,0.0001,7130,0.1,0.0805419921875,23.751539421081542,1000.0,0.8979337215423584,0.6348453760147095,0.0022080455,-0.0031862673073192126,12.455870628356934,-21.842889285087587
1670,28053,46858240,715,35.41529893875122,1.0905606746673584,0.0001,7140,0.1,0.08480072021484375,21.45868399143219,1000.0,0.8993273973464966,0.6350040435791016,0.0021964805,-0.003427920055401046,10.046623229980469,-21.832981967926024
1670,28089,46923776,716,34.092281341552734,1.1705853939056396,0.0001,7150,0.1,0.08791351318359375,20.24289479255676,1000.0,0.9135760068893433,0.6348883509635925,0.0021082861,-0.0031483862694585696,8.94996166229248,-21.831174087524413
1670,28125,46989312,717,35.00202178955078,1.173149824142456,0.0001,7160,0.1,0.0839385986328125,22.45298993587494,1000.0,0.89896160364151,0.634851336479187,0.0018791643,-0.003399326934595592,11.420536041259766,-21.82651832103729
1670,28161,47054848,718,34.78122162818909,1.12420654296875,0.0001,7170,0.1,0.09147186279296875,21.734232831001282,1000.0,0.9044719338417053,0.6340357065200806,0.0021943925,-0.0032016820907301733,10.94296646118164,-21.807230734825133
1671,28197,47120384,719,34.919697761535645,1.1578748226165771,0.0001,7180,0.1,0.092388916015625,19.673640847206116,1000.0,0.9139534831047058,0.6336470246315002,0.0021001345,-0.003267748246435076,9.663971900939941,-21.782235455513
1671,28232,47185920,720,34.47168445587158,1.145509958267212,0.0001,7190,0.1,0.07740020751953125,24.490759921073913,1000.0,0.889506459236145,0.633758544921875,0.0020815455,-0.003314128360943869,11.177931785583496,-21.774782276153566
1671,28268,47251456,721,34.29561519622803,1.1871085166931152,0.0001,7200,0.1,0.084539794921875,20.174823379516603,1000.0,0.9137028455734253,0.6330957412719727,0.0021851985,-0.0033185394218889996,8.991960525512695,-21.764520716667175
1671,28304,47316992,722,35.27298665046692,1.1539199352264404,0.0001,7210,0.1,0.08524017333984375,22.366424989700317,1000.0,0.9038815498352051,0.6329531669616699,0.0021996535,-0.003707564233627636,9.78388500213623,-21.745835542678833
1671,28341,47382528,723,35.38177180290222,1.1457438468933105,0.0001,7220,0.1,0.08165435791015625,22.1776864528656,1000.0,0.9009245038032532,0.6327031850814819,0.0020804233,-0.003086338246066589,11.223075866699219,-21.73555612564087
1672,28377,47448064,724,34.854066133499146,1.1908304691314697,0.0001,7230,0.1,0.0879608154296875,20.34847459793091,1000.0,0.9125794172286987,0.6323337554931641,0.00215523,-0.0034281024010851978,9.836504936218262,-21.719356989860536
1672,28413,47513600,725,34.80272102355957,1.16810941696167,0.0001,7240,0.1,0.07435760498046876,21.407216024398803,1000.0,0.9014482498168945,0.6323611736297607,0.0021626507,-0.0029584070391138082,10.306295394897461,-21.711851787567138
1672,28449,47579136,726,34.735016107559204,1.1771047115325928,0.0001,7250,0.1,0.0743896484375,21.881817317008974,1000.0,0.9058517813682556,0.6318385601043701,0.0020406547,-0.003301255582482554,10.732857704162598,-21.699843454360963
1672,28485,47644672,727,35.276202917099,1.1609675884246826,0.0001,7260,0.1,0.08314056396484375,20.869297170639037,1000.0,0.9086194634437561,0.6315774917602539,0.002133121,-0.003387275991553906,10.305123329162598,-21.68168947696686
1672,28522,47710208,728,35.35001587867737,1.1613600254058838,0.0001,7270,0.1,0.09331207275390625,21.24398274421692,1000.0,0.9076066613197327,0.6316788792610168,0.0023109696,-0.0031834714842261746,10.52485466003418,-21.675007581710815
1672,28558,47775744,729,34.86017107963562,1.1206936836242676,0.0001,7280,0.1,0.079583740234375,19.718353724479677,1000.0,0.9144681692123413,0.6313619613647461,0.0022672713,-0.00339326782268472,9.657574653625488,-21.669186687469484
1673,28594,47841280,730,35.33966040611267,1.1544251441955566,0.0001,7290,0.1,0.08341827392578124,18.82304790019989,1000.0,0.9164440631866455,0.631213366985321,0.0022065495,-0.0030711112020071598,9.237298965454102,-21.65696816444397
1673,28630,47906816,731,34.549447536468506,1.147059679031372,0.0001,7300,0.1,0.084832763671875,20.5592910528183,1000.0,0.9044788479804993,0.6308461427688599,0.0023899148,-0.0031010393984615804,10.473087310791016,-21.643010926246642
1673,28666,47972352,732,35.115808725357056,1.1436591148376465,0.0001,7310,0.1,0.08663330078125,19.222957682609557,1000.0,0.9127242565155029,0.6303997039794922,0.0022436525,-0.003477318432123866,9.82099723815918,-21.62350423336029
1673,28703,48037888,733,35.22793459892273,1.181380271911621,0.0001,7320,0.1,0.08007659912109374,21.665466356277467,1000.0,0.9067064523696899,0.6305333971977234,0.0020815416,-0.003580334952857811,10.811211585998535,-21.616219902038573
1673,28738,48103424,734,34.7714626789093,1.150519609451294,0.0001,7330,0.1,0.08407440185546874,22.59755766391754,1000.0,0.8921551704406738,0.6304161548614502,0.0022048214,-0.0030653606285341085,12.116411209106445,-21.61301257610321
1673,28775,48168960,735,34.97586750984192,1.1776764392852783,0.0001,7340,0.1,0.078485107421875,21.840232968330383,1000.0,0.9089993834495544,0.6303367614746094,0.002074937,-0.0035194202791899443,10.776458740234375,-21.607965564727785
1674,28811,48234496,736,34.74348020553589,1.1740789413452148,0.0001,7350,0.1,0.09083251953125,21.761466670036317,1000.0,0.9006907939910889,0.6300265789031982,0.0022544675,-0.0036105690320255234,10.867654800415039,-21.602355861663817
1674,28846,48300032,737,34.35231041908264,1.1487736701965332,0.0001,7360,0.1,0.08504180908203125,20.668473386764525,1000.0,0.9064802527427673,0.6297429800033569,0.0024167039,-0.0032312341601937076,10.414170265197754,-21.590240836143494
1674,28881,48365568,738,34.183852672576904,1.1863794326782227,0.0001,7370,0.1,0.0930633544921875,23.02507085800171,1000.0,0.8945896625518799,0.6294981837272644,0.0024041852,-0.0032998762239003555,11.11362075805664,-21.577856421470642
1674,28918,48431104,739,34.95705461502075,1.1649518013000488,0.0001,7380,0.1,0.079290771484375,21.987666654586793,1000.0,0.8995077013969421,0.6296294331550598,0.0021960023,-0.0032825319343828597,10.486689567565918,-21.572167325019837
1674,28954,48496640,740,34.884217739105225,1.189971923828125,0.0001,7390,0.1,0.0788238525390625,22.83587510585785,1000.0,0.9047262072563171,0.6295096278190613,0.0020746603,-0.003119622193480609,11.976860046386719,-21.56848645210266
1675,28989,48562176,741,34.59994173049927,1.1661088466644287,0.0001,7400,0.1,0.0836212158203125,19.72109797000885,1000.0,0.9088134765625,0.629316508769989,0.0021623848,-0.0032795918523333967,10.237298011779785,-21.56066229343414
1675,29025,48627712,742,34.331504106521606,1.164092779159546,0.0001,7410,0.1,0.07444915771484376,22.883698534965514,1000.0,0.9019999504089355,0.6290977001190186,0.0019468255,-0.0033560247815330514,10.256025314331055,-21.552684712409974
1675,29061,48693248,743,35.44973158836365,1.0970978736877441,0.0001,7420,0.1,0.090557861328125,21.536293625831604,1000.0,0.89927077293396,0.62937331199646,0.0023906403,-0.0030920403674826956,10.453280448913574,-21.552830696105957
1675,29097,48758784,744,34.604082107543945,1.1825926303863525,0.0001,7430,0.1,0.08763885498046875,22.986517333984374,1000.0,0.8939563035964966,0.6288672685623169,0.0020460158,-0.0031831926316954195,10.98636531829834,-21.544586992263795
1675,29133,48824320,745,34.4975266456604,1.1748390197753906,0.0001,7440,0.1,0.08778228759765624,24.584714436531065,1000.0,0.8935368061065674,0.6283086538314819,0.0022790872,-0.0030647305757156573,11.773599624633789,-21.523758673667906
1676,29169,48889856,746,34.52559161186218,1.133544921875,0.0001,7450,0.1,0.0859161376953125,21.87269823551178,1000.0,0.9048815965652466,0.6281859278678894,0.0023136649,-0.0032239170468528755,10.610787391662598,-21.511814379692076
1676,29204,48955392,747,34.48660230636597,1.153893232345581,0.0001,7460,0.1,0.08520050048828125,20.67911512851715,1000.0,0.9121959209442139,0.6279779672622681,0.00220678,-0.003664126485818997,10.308063507080078,-21.50420410633087
1676,29240,49020928,748,34.4803032875061,1.172682762145996,0.0001,7470,0.1,0.0819671630859375,20.838740181922912,1000.0,0.9017025232315063,0.6279641389846802,0.002019408,-0.003299185330979526,9.66107177734375,-21.497802877426146
1676,29275,49086464,749,34.20832014083862,1.1971490383148193,0.0001,7480,0.1,0.0903961181640625,22.5562224149704,1000.0,0.899193286895752,0.6275862455368042,0.0023992313,-0.003059183634468354,11.74708080291748,-21.49150366783142
1676,29311,49152000,750,34.39468431472778,1.1735682487487793,0.0001,7490,0.1,0.0860992431640625,23.112704515457153,1000.0,0.9038758277893066,0.6273206472396851,0.0023370069,-0.003374874309520237,11.36181354522705,-21.48039379119873
1677,29346,49217536,751,34.25068736076355,1.1479682922363281,0.0001,7500,0.1,0.08258056640625,24.041744208335878,1000.0,0.8988956809043884,0.627090573310852,0.0020888331,-0.003069952965597622,12.066271781921387,-21.47126121520996
1677,29382,49283072,752,34.23404574394226,1.154571294784546,0.0001,7510,0.1,0.0857757568359375,22.868702244758605,1000.0,0.9030678272247314,0.6268808245658875,0.001984992,-0.003177084350318182,11.855093002319336,-21.46037311553955
1677,29417,49348608,753,34.69127893447876,1.1302108764648438,0.0001,7520,0.1,0.08406219482421876,20.20500204563141,1000.0,0.9106549024581909,0.6267156004905701,0.0022164292,-0.0034484739997424187,9.355856895446777,-21.44703483581543
1677,29453,49414144,754,34.41449475288391,1.2095394134521484,0.0001,7530,0.1,0.075225830078125,22.754640817642212,1000.0,0.899182915687561,0.6265565156936646,0.0019373959,-0.0031603219991666264,11.48601245880127,-21.44000358581543
1677,29489,49479680,755,34.97103238105774,1.189873218536377,0.0001,7540,0.1,0.0879791259765625,22.095388579368592,1000.0,0.9065017104148865,0.6266558766365051,0.002153055,-0.003320532251382247,13.103569030761719,-21.438580775260924
1678,29525,49545216,756,34.46784853935242,1.1791584491729736,0.0001,7550,0.1,0.08625640869140624,23.27470052242279,1000.0,0.896335244178772,0.6263725757598877,0.002138997,-0.00315331116435118,12.1203031539917,-21.432177591323853
1678,29561,49610752,757,34.52204418182373,1.167008876800537,0.0001,7560,0.1,0.090875244140625,22.99851837158203,1000.0,0.9026283621788025,0.6260678768157959,0.002188956,-0.0034097582421964033,10.866312026977539,-21.42077007293701
1678,29596,49676288,758,34.122626304626465,1.2259724140167236,0.0001,7570,0.1,0.08563232421875,23.3465496301651,1000.0,0.8897798657417297,0.6261547207832336,0.0021144003,-0.0033937023239559495,10.991019248962402,-21.420322132110595
1678,29633,49741824,759,35.47481441497803,1.1589345932006836,0.0001,7580,0.1,0.0898651123046875,19.85592153072357,1000.0,0.9155482649803162,0.6255485415458679,0.0024010893,-0.003308517138066236,9.049670219421387,-21.410344624519347
1678,29668,49807360,760,34.42535638809204,1.099534511566162,0.0001,7590,0.1,0.09235382080078125,19.625608062744142,1000.0,0.912605345249176,0.625698447227478,0.002398562,-0.0031676134778535923,10.590123176574707,-21.401444220542906
1679,29703,49872896,761,33.87334084510803,1.181858777999878,0.0001,7600,0.1,0.09145355224609375,21.24165997505188,1000.0,0.9075220823287964,0.6255050897598267,0.002081981,-0.0033756321456166914,9.3399019241333,-21.398340821266174
1679,29739,49938432,762,34.31436538696289,1.148921251296997,0.0001,7610,0.1,0.0947113037109375,23.366748118400572,1000.0,0.896112859249115,0.6251778602600098,0.0022881203,-0.0030980211427959147,11.336045265197754,-21.387440752983093
1679,29774,50003968,763,34.3243362903595,1.151996374130249,0.0001,7620,0.1,0.08682861328125,26.18206903934479,1000.0,0.8926495909690857,0.6248146295547485,0.0023424197,-0.003030898852739483,13.661540031433105,-21.373502087593078
1679,29810,50069504,764,34.35904550552368,1.1160430908203125,0.0001,7630,0.1,0.08239288330078125,20.319120144844057,1000.0,0.9136257767677307,0.624398410320282,0.00221019,-0.003207711366121657,10.408632278442383,-21.360853338241576
1679,29845,50135040,765,34.161044120788574,1.2042491436004639,0.0001,7640,0.1,0.0892913818359375,21.400757360458375,1000.0,0.9052261710166931,0.6240657567977905,0.0021475123,-0.0034291643722099254,9.305957794189453,-21.34560763835907
1679,29881,50200576,766,35.45577955245972,1.1618518829345703,0.0001,7650,0.1,0.08742828369140625,22.00461676120758,1000.0,0.9027280211448669,0.6238065361976624,0.002084616,-0.003249909916485194,9.824297904968262,-21.33070993423462
1680,29918,50266112,767,35.30732607841492,1.1829001903533936,0.0001,7660,0.1,0.09342803955078124,19.71391396522522,1000.0,0.9080206155776978,0.6237829923629761,0.0020122828,-0.0033973990939557552,8.595362663269043,-21.323616170883177
1680,29955,50331648,768,35.512874126434326,1.2209358215332031,0.0001,7670,0.1,0.1007598876953125,20.624228644371033,1000.0,0.9129087924957275,0.6236132383346558,0.0024432098,-0.0034021212006337008,10.784162521362305,-21.319001078605652
1677,30049,50397184,769,34.88404560089111,1.144547462463379,0.0001,7680,0.1,0.09098968505859376,24.918915128707887,1000.0,0.8862870931625366,0.6234536170959473,0.0022034112,-0.003429795916599687,13.39255428314209,-21.309912252426148
1677,30086,50462720,770,35.14489674568176,59.6122510433197,0.0001,7690,0.1,0.0941497802734375,21.26992313861847,1000.0,0.9087465405464172,0.6231092810630798,0.0024079378,-0.003445420884236228,9.240821838378906,-21.29620943069458
1677,30121,50528256,771,34.30304574966431,1.1520195007324219,0.0001,7700,0.1,0.0799652099609375,27.61835160255432,1000.0,0.8892793655395508,0.6228986382484436,0.0021290805,-0.002944418246624991,13.077794075012207,-21.283746457099916
1677,30158,50593792,772,35.69222044944763,1.161862850189209,0.0001,7710,0.1,0.08424072265625,21.36532254219055,1000.0,0.9044023752212524,0.6226903200149536,0.0021068985,-0.0033200556878000497,10.387974739074707,-21.274973154067993
1677,30193,50659328,773,34.22733211517334,1.1733779907226562,0.0001,7720,0.1,0.0857330322265625,22.71687376499176,1000.0,0.8983252644538879,0.6220743656158447,0.0022055856,-0.0031598006025888026,10.785040855407715,-21.26122498512268
1678,30228,50724864,774,33.98258566856384,1.1837713718414307,0.0001,7730,0.1,0.08742828369140625,24.580698704719545,1000.0,0.8856301307678223,0.6217451095581055,0.0023025102,-0.0032153759530046955,12.556228637695312,-21.245194506645202
1678,30264,50790400,775,34.376933097839355,1.154608964920044,0.0001,7740,0.1,0.098126220703125,20.001412296295165,1000.0,0.9115605354309082,0.6216444969177246,0.0023912708,-0.003053765866206959,9.589468955993652,-21.240252661705018
1678,30300,50855936,776,35.32514500617981,1.1710646152496338,0.0001,7750,0.1,0.08591766357421875,20.409955620765686,1000.0,0.908623993396759,0.6212685108184814,0.0021117835,-0.003435928182443604,9.720462799072266,-21.233199667930602
1678,30337,50921472,777,35.26366829872131,1.1359922885894775,0.0001,7760,0.1,0.09046478271484375,21.79345862865448,1000.0,0.9029672145843506,0.6214367151260376,0.0023058255,-0.0031744079649797642,10.392741203308105,-21.228221392631532
1678,30372,50987008,778,34.01084303855896,1.2052719593048096,0.0001,7770,0.1,0.09541015625,22.58285903930664,1000.0,0.8932034373283386,0.6209756135940552,0.0021686784,-0.003384012740571052,10.688214302062988,-21.22293691635132
1678,30409,51052544,779,35.861002683639526,1.1534690856933594,0.0001,7780,0.1,0.087982177734375,26.411851835250854,1000.0,0.8871955871582031,0.6207836270332336,0.0021203496,-0.003397997083084192,14.085667610168457,-21.206901168823244
1679,30445,51118080,780,34.474268674850464,1.1531414985656738,0.0001,7790,0.1,0.095489501953125,22.957840085029602,1000.0,0.9027953147888184,0.6202842593193054,0.002245386,-0.0031033162929816173,11.110034942626953,-21.189726614952086
1679,30480,51183616,781,34.587533473968506,1.1414031982421875,0.0001,7800,0.1,0.0820556640625,23.05301206111908,1000.0,0.8953320980072021,0.6202329397201538,0.0019901586,-0.003045149752870202,12.280669212341309,-21.17550346851349
1679,30517,51249152,782,35.35625910758972,1.192824125289917,0.0001,7810,0.1,0.088885498046875,22.269152402877808,1000.0,0.9027475118637085,0.6199575662612915,0.0021478655,-0.0030635924864327534,9.49714469909668,-21.167949151992797
1679,30553,51314688,783,34.72173023223877,1.2246246337890625,0.0001,7820,0.1,0.08579864501953124,23.68243350982666,1000.0,0.8799448013305664,0.619759738445282,0.002163276,-0.003386837311700219,11.320562362670898,-21.157288432121277
1679,30589,51380224,784,35.16828393936157,1.1580474376678467,0.0001,7830,0.1,0.0898101806640625,19.475731539726258,1000.0,0.9029117226600647,0.6196605563163757,0.0022509745,-0.0032581653023953548,9.44773006439209,-21.14964029788971
1679,30626,51445760,785,35.244797468185425,1.1613104343414307,0.0001,7840,0.1,0.08177032470703124,17.16976002454758,1000.0,0.9108310341835022,0.6198687553405762,0.0021401779,-0.003446108289062977,9.013879776000977,-21.149562454223634
1679,30662,51511296,786,35.357367515563965,1.1634883880615234,0.0001,7850,0.1,0.0884674072265625,19.65253076553345,1000.0,0.9113852381706238,0.6195005774497986,0.002133779,-0.0032995405490510166,10.222573280334473,-21.145047879219057
1680,30698,51576832,787,34.74873232841492,1.17069673538208,0.0001,7860,0.1,0.09431610107421876,18.750502479076385,1000.0,0.921699047088623,0.6193720102310181,0.0024166345,-0.003399141704721842,9.040733337402344,-21.13375015258789
1680,30734,51642368,788,34.53020358085632,1.158158302307129,0.0001,7870,0.1,0.08631744384765624,19.4825688123703,1000.0,0.897663950920105,0.6190762519836426,0.0020444628,-0.003626415424514562,9.561555862426758,-21.123600602149963
1680,30769,51707904,789,34.49991726875305,1.2357661724090576,0.0001,7880,0.1,0.087164306640625,23.51664216518402,1000.0,0.8904020190238953,0.6188367605209351,0.0022358284,-0.0029405114117253108,11.526962280273438,-21.109593439102174
1680,30806,51773440,790,35.418625831604004,1.1727283000946045,0.0001,7890,0.1,0.08909759521484376,23.667094779014587,1000.0,0.9029816389083862,0.618773341178894,0.0021569491,-0.0030696213856572286,12.294352531433105,-21.099123787879943
1680,30842,51838976,791,34.465824604034424,1.2169811725616455,0.0001,7900,0.1,0.08536529541015625,22.977239155769347,1000.0,0.9026817679405212,0.6182057857513428,0.00209834,-0.003158905699092429,11.290017127990723,-21.083556175231934
1680,30879,51904512,792,36.28692412376404,1.2136726379394531,0.0001,7910,0.1,0.0897857666015625,21.570153427124023,1000.0,0.90118807554245,0.617722749710083,0.0023549767,-0.0032362754209316336,10.373895645141602,-21.06031777858734
1681,30914,51970048,793,33.97463393211365,1.1658680438995361,0.0001,7920,0.1,0.08961181640625,22.18992609977722,1000.0,0.9053126573562622,0.6176800727844238,0.0021797295,-0.003099159608245827,10.779044151306152,-21.04856858253479
1681,30950,52035584,794,34.77027487754822,1.207106113433838,0.0001,7930,0.1,0.07601470947265625,23.2351265668869,1000.0,0.8895345330238342,0.6173415780067444,0.002183129,-0.0032395863177953287,10.24722671508789,-21.039111328125
1681,30986,52101120,795,34.64499759674072,1.1526398658752441,0.0001,7940,0.1,0.0827850341796875,21.9891263961792,1000.0,0.9112054109573364,0.6172160506248474,0.0021683294,-0.0032676084665581584,11.195796012878418,-21.026127552986146
1681,31023,52166656,796,35.17675709724426,1.1549718379974365,0.0001,7950,0.1,0.09069061279296875,23.222134518623353,1000.0,0.8949235677719116,0.6170692443847656,0.0021456468,-0.0033370321601978504,11.665863037109375,-21.021168255805968
1681,31058,52232192,797,34.51416325569153,1.1759545803070068,0.0001,7960,0.1,0.088299560546875,17.66002115011215,1000.0,0.9193524122238159,0.6172889471054077,0.0022264645,-0.003109922677685972,8.416206359863281,-21.02294542789459
1681,31094,52297728,798,34.52657675743103,1.1499173641204834,0.0001,7970,0.1,0.0873138427734375,23.164327955245973,1000.0,0.8951867818832397,0.6170198321342468,0.0019357123,-0.0031562998759909534,11.768826484680176,-21.0197416305542
1682,31130,52363264,799,34.98732805252075,1.1462600231170654,0.0001,7980,0.1,0.09226226806640625,23.683665251731874,1000.0,0.8947592377662659,0.616682231426239,0.0022374652,-0.003385952270764392,11.984562873840332,-21.007602620124818
1682,31166,52428800,800,34.84907603263855,1.164224624633789,0.0001,7990,0.1,0.088824462890625,20.748420095443727,1000.0,0.9039258360862732,0.6168332099914551,0.0022896791,-0.003136379619536456,10.036725997924805,-21.000621056556703
1682,31202,52494336,801,35.15275979042053,1.1623048782348633,0.0001,8000,0.1,0.0945770263671875,21.9328325510025,1000.0,0.8963173627853394,0.6170344352722168,0.002367741,-0.0033269516236032358,10.741689682006836,-21.00619297027588
1682,31239,52559872,802,35.78374457359314,1.1943578720092773,0.0001,8010,0.1,0.09709930419921875,21.59150347709656,1000.0,0.9029179215431213,0.6167539358139038,0.0025228849,-0.0030470881320070475,9.487220764160156,-21.005142998695373
1682,31276,52625408,803,35.281214237213135,1.1534898281097412,0.0001,8020,0.1,0.09761810302734375,20.375956726074218,1000.0,0.9059609174728394,0.6165334582328796,0.0023808149,-0.003143285444821231,10.210921287536621,-20.993951034545898
1682,31312,52690944,804,35.04351997375488,1.1811211109161377,0.0001,8030,0.1,0.09833526611328125,21.664111685752868,1000.0,0.903628408908844,0.6164109706878662,0.0022607534,-0.0029480488243279978,11.401413917541504,-20.984764337539673
1682,31348,52756480,805,34.95522594451904,1.088226556777954,0.0001,8040,0.1,0.08524017333984375,22.57412188053131,1000.0,0.8975074291229248,0.6159603595733643,0.0020482293,-0.0033601601142436268,11.252104759216309,-20.972292256355285
1683,31384,52822016,806,35.0816388130188,1.1893537044525146,0.0001,8050,0.1,0.08809356689453125,21.15719826221466,1000.0,0.898687481880188,0.615531861782074,0.00212357,-0.0030633641683380118,9.30211353302002,-20.95155644416809
1683,31421,52887552,807,35.29443860054016,1.1928410530090332,0.0001,8060,0.1,0.09938812255859375,19.408343982696532,1000.0,0.9187507033348083,0.6155130863189697,0.0023694888,-0.0033657161620794795,8.985113143920898,-20.943308353424072
1683,31458,52953088,808,36.32655954360962,1.130509376525879,0.0001,8070,0.1,0.0936431884765625,20.907856035232545,1000.0,0.8995821475982666,0.6152136325836182,0.0024230122,-0.003273124409315642,11.545493125915527,-20.936331844329835
1683,31494,53018624,809,34.17043995857239,1.1471600532531738,0.0001,8080,0.1,0.08488006591796875,25.969052600860596,1000.0,0.8859206438064575,0.614947497844696,0.0020495502,-0.0029742324324615764,12.482027053833008,-20.92123920917511
1683,31529,53084160,810,34.320180892944336,1.2169780731201172,0.0001,8090,0.1,0.082977294921875,21.710444688796997,1000.0,0.9042606949806213,0.6148837804794312,0.0019300119,-0.003240547805035021,10.693197250366211,-20.916111397743226
1683,31564,53149696,811,34.17643642425537,1.1587169170379639,0.0001,8100,0.1,0.09235382080078125,19.174037742614747,1000.0,0.9147750735282898,0.614823579788208,0.0027049133,-0.003240876727795694,9.459980010986328,-20.91295337677002
1683,31600,53215232,812,34.65591073036194,1.1795482635498047,0.0001,8110,0.1,0.09236602783203125,21.477179098129273,1000.0,0.8977378606796265,0.6148043870925903,0.0023668292,-0.0031419369362993164,10.58061408996582,-20.909267950057984
1684,31636,53280768,813,34.393269062042236,1.1603612899780273,0.0001,8120,0.1,0.0846923828125,20.693608021736146,1000.0,0.9066367745399475,0.6143258810043335,0.0021764687,-0.003440056074759923,9.889775276184082,-20.89666967391968
1684,31672,53346304,814,35.22638988494873,1.3371069431304932,0.0001,8130,0.1,0.0945831298828125,22.066594457626344,1000.0,0.8926396369934082,0.6144117712974548,0.0022358159,-0.0033122142907814124,11.117472648620605,-20.886429595947266
1684,31709,53411840,815,35.08787202835083,1.1735243797302246,0.0001,8140,0.1,0.08807525634765626,20.669553637504578,1000.0,0.9003183841705322,0.6141535043716431,0.002379328,-0.00307993649475975,10.415487289428711,-20.883175253868103
1684,31745,53477376,816,35.068453788757324,1.1480388641357422,0.0001,8150,0.1,0.0952789306640625,23.07073841094971,1000.0,0.8965004682540894,0.6137720346450806,0.0021410557,-0.0031566365709295497,12.061466217041016,-20.869290041923524
1684,31781,53542912,817,34.472923278808594,1.2893378734588623,0.0001,8160,0.1,0.093231201171875,21.7515038728714,1000.0,0.895799994468689,0.6134383082389832,0.0022511194,-0.00321452531934483,9.762450218200684,-20.855364060401918
1684,31817,53608448,818,35.47282958030701,1.2537801265716553,0.0001,8170,0.1,0.0942596435546875,20.0241201877594,1000.0,0.9107924103736877,0.6129652857780457,0.0022239855,-0.0032858262085937893,10.320459365844727,-20.83842921257019
1685,31853,53673984,819,34.322649002075195,1.1647658348083496,0.0001,8180,0.1,0.09878692626953126,22.163786244392394,1000.0,0.9059817790985107,0.6126517057418823,0.0026488807,-0.0035683802794665097,11.409473419189453,-20.823896050453186
1685,31888,53739520,820,34.472251892089844,1.1959784030914307,0.0001,8190,0.1,0.093609619140625,20.748058867454528,1000.0,0.9001452922821045,0.6121535301208496,0.0021696654,-0.003142646126798354,10.910135269165039,-20.810804271697997
1685,31923,53805056,821,33.820091009140015,1.164778709411621,0.0001,8200,0.1,0.0961090087890625,21.196355199813844,1000.0,0.8965149521827698,0.6120547652244568,0.0023206817,-0.0033374423495843076,10.429533004760742,-20.798763394355774
1685,31958,53870592,822,33.59639930725098,1.1392250061035156,0.0001,8210,0.1,0.0908172607421875,22.92881405353546,1000.0,0.8745380640029907,0.6117854714393616,0.0023504025,-0.0031421097606653347,11.583624839782715,-20.789381551742554
1685,31994,53936128,823,34.148733139038086,1.257810115814209,0.0001,8220,0.1,0.1040985107421875,19.987997460365296,1000.0,0.9057393074035645,0.6114547252655029,0.0024261093,-0.003006813158572186,8.766719818115234,-20.778307604789735
1685,32029,54001664,824,34.36352777481079,1.210218906402588,0.0001,8230,0.1,0.1050384521484375,22.8824773311615,1000.0,0.9017632603645325,0.6112149357795715,0.002311628,-0.0031561018258798867,11.4655179977417,-20.764844512939455
1686,32064,54067200,825,33.95061635971069,1.1863436698913574,0.0001,8240,0.1,0.08988494873046875,18.923156595230104,1000.0,0.9153345227241516,0.611384928226471,0.002215974,-0.003298145718872547,9.827167510986328,-20.758737516403198
1686,32099,54132736,826,33.71129393577576,1.2222938537597656,0.0001,8250,0.1,0.08806610107421875,23.303549814224244,1000.0,0.8852574229240417,0.6113981008529663,0.0022736161,-0.003063659020699561,11.528221130371094,-20.75902888774872
1686,32134,54198272,827,33.35309934616089,1.250364065170288,0.0001,8260,0.1,0.08886566162109374,19.483464455604555,1000.0,0.9086059927940369,0.6110961437225342,0.0023861958,-0.0035016424793866464,10.239950180053711,-20.750209474563597
1686,32169,54263808,828,34.357569217681885,1.170032024383545,0.0001,8270,0.1,0.09804840087890625,19.963766074180604,1000.0,0.9083790183067322,0.6111657619476318,0.0023112935,-0.0030202901813026982,8.465670585632324,-20.743246030807494
1686,32205,54329344,829,34.19728946685791,1.1441984176635742,0.0001,8280,0.1,0.092169189453125,24.605471086502074,1000.0,0.8817104697227478,0.610957682132721,0.0022771214,-0.003185419250803534,13.269954681396484,-20.73800551891327
1687,32239,54394880,830,33.552871227264404,1.2025127410888672,0.0001,8290,0.1,0.0934173583984375,20.361434292793273,1000.0,0.898111879825592,0.6107499599456787,0.0022146306,-0.0036274354410124944,9.582018852233887,-20.72920730113983
1687,32274,54460416,831,33.58854055404663,1.1602332592010498,0.0001,8300,0.1,0.08768768310546875,22.753321719169616,1000.0,0.8835349082946777,0.6106606721878052,0.0022261026,-0.0035427120281383397,11.376175880432129,-20.722459411621095
1687,32309,54525952,832,34.115944385528564,1.1313502788543701,0.0001,8310,0.1,0.09369049072265626,19.697266817092896,1000.0,0.9128210544586182,0.6103054285049438,0.0023162388,-0.003084874937485438,9.543316841125488,-20.712872982025146
1684,32403,54591488,833,34.04989218711853,1.1879239082336426,0.0001,8320,0.1,0.097174072265625,20.827604603767394,1000.0,0.8919888734817505,0.6098859310150146,0.002298424,-0.0033419987157685682,10.074453353881836,-20.698243165016173
1684,32439,54657024,834,34.51040077209473,59.39598894119263,0.0001,8330,0.1,0.0867340087890625,22.062867879867554,1000.0,0.8941306471824646,0.6096611618995667,0.0022184104,-0.0033546274178661408,11.874411582946777,-20.68922996520996
1685,32473,54722560,835,33.44360303878784,1.1244218349456787,0.0001,8340,0.1,0.0995849609375,22.77487587928772,1000.0,0.8892701864242554,0.6095019578933716,0.0023284538,-0.0032504375674761833,11.534048080444336,-20.681582283973693
1685,32509,54788096,836,34.431408166885376,1.159949779510498,0.0001,8350,0.1,0.08968963623046874,23.76438698768616,1000.0,0.8894714713096619,0.6090903282165527,0.0021993844,-0.002786756340356078,12.137153625488281,-20.669838857650756
1685,32543,54853632,837,33.19882297515869,1.118086814880371,0.0001,8360,0.1,0.09421539306640625,22.62709331512451,1000.0,0.9022223949432373,0.6088427305221558,0.0023788859,-0.0035168164264177903,11.235953330993652,-20.653746700286867
1685,32578,54919168,838,34.184804916381836,1.088712453842163,0.0001,8370,0.1,0.096514892578125,24.413065242767335,1000.0,0.8890511393547058,0.6086940169334412,0.002191149,-0.003194655361585319,12.060291290283203,-20.64336848258972
1685,32614,54984704,839,34.044790506362915,1.135030746459961,0.0001,8380,0.1,0.09937591552734375,20.11164257526398,1000.0,0.8951065540313721,0.6087511777877808,0.0024941708,-0.003252892810269259,9.355137825012207,-20.640083384513854
1686,32649,55050240,840,33.885624170303345,1.208625078201294,0.0001,8390,0.1,0.1023468017578125,18.443411946296692,1000.0,0.9075637459754944,0.608169436454773,0.0025654086,-0.003254138186457567,9.195960998535156,-20.628334999084473
1686,32684,55115776,841,34.477994203567505,1.1065266132354736,0.0001,8400,0.1,0.10201263427734375,18.10507140159607,1000.0,0.9130035042762756,0.6079646348953247,0.0023599977,-0.0032644899416482075,8.512052536010742,-20.611930084228515
1686,32719,55181312,842,33.946038484573364,1.187281847000122,0.0001,8410,0.1,0.09616851806640625,22.088551878929138,1000.0,0.8947528600692749,0.6078982353210449,0.0023658788,-0.003158556246489752,9.75265884399414,-20.60753400325775
1686,32754,55246848,843,33.82321071624756,1.2066781520843506,0.0001,8420,0.1,0.09442138671875,19.904802632331847,1000.0,0.8995134830474854,0.607717752456665,0.0021306681,-0.0031965488771675153,10.916454315185547,-20.600148367881776
1686,32789,55312384,844,33.58843398094177,1.1684463024139404,0.0001,8430,0.1,0.09441375732421875,20.32204637527466,1000.0,0.9018732309341431,0.6074000597000122,0.0022559674,-0.0030768956552492456,9.524746894836426,-20.58627278804779
1687,32824,55377920,845,33.968523263931274,1.2241227626800537,0.0001,8440,0.1,0.09678192138671875,23.45318284034729,1000.0,0.8809533715248108,0.6075664758682251,0.0021947115,-0.00345054679637542,10.39162540435791,-20.58053078651428
1687,32859,55443456,846,33.8295214176178,1.1903204917907715,0.0001,8450,0.1,0.0964996337890625,20.90492570400238,1000.0,0.8923649787902832,0.6071410179138184,0.0023617428,-0.0029206901126599405,11.475110054016113,-20.57531292438507
1687,32894,55508992,847,33.55378222465515,1.1668920516967773,0.0001,8460,0.1,0.08519744873046875,20.460094356536864,1000.0,0.9089275598526001,0.6067295670509338,0.0020740302,-0.0032777824759250506,10.005074501037598,-20.559236073493956
1687,32930,55574528,848,34.38127303123474,1.1246638298034668,0.0001,8470,0.1,0.09805755615234375,20.709754991531373,1000.0,0.8952823281288147,0.6066648960113525,0.0025040768,-0.003456278760859277,10.562456130981445,-20.550400805473327
1687,32965,55640064,849,34.17238163948059,1.168304204940796,0.0001,8480,0.1,0.10327606201171875,20.740990114212035,1000.0,0.903754711151123,0.6061158776283264,0.0024844608,-0.003197065813583322,10.132712364196777,-20.536404395103453
1688,32999,55705600,850,33.33449912071228,1.1956677436828613,0.0001,8490,0.1,0.0914093017578125,21.102795839309692,1000.0,0.9039456844329834,0.6060270667076111,0.0022957947,-0.00369333971029846,9.804866790771484,-20.522706270217896
1688,33035,55771136,851,34.58780312538147,1.128502607345581,0.0001,8500,0.1,0.09615478515625,21.854674983024598,1000.0,0.8890516757965088,0.6061376929283142,0.0020727604,-0.003231447745929472,10.644862174987793,-20.51239562034607
1688,33070,55836672,852,33.44019293785095,1.1872031688690186,0.0001,8510,0.1,0.091253662109375,22.923108553886415,1000.0,0.8938652873039246,0.6064642667770386,0.0022669071,-0.0032000442137359642,12.263421058654785,-20.51430034637451
1688,33104,55902208,853,33.4477744102478,1.166886329650879,0.0001,8520,0.1,0.08932647705078126,19.46299922466278,1000.0,0.9016655087471008,0.6068395376205444,0.0022225562,-0.003335985321609769,10.376669883728027,-20.52760775089264
1688,33140,55967744,854,34.27648425102234,1.1855676174163818,0.0001,8530,0.1,0.09251861572265625,20.827511286735536,1000.0,0.8942033052444458,0.6065965890884399,0.0021164925,-0.0030139052498270756,11.31382942199707,-20.5331800699234
1689,33174,56033280,855,33.305392026901245,1.212385892868042,0.0001,8540,0.1,0.10257110595703126,21.386581039428712,1000.0,0.899843692779541,0.6062263250350952,0.0022399388,-0.003473182811285369,10.722447395324707,-20.5177401304245
1689,33209,56098816,856,33.75319695472717,1.2426862716674805,0.0001,8550,0.1,0.110931396484375,19.444489908218383,1000.0,0.9025408029556274,0.6063319444656372,0.0022306617,-0.0032019894249970095,10.427618980407715,-20.507844829559325
1689,33245,56164352,857,34.03571438789368,1.1808223724365234,0.0001,8560,0.1,0.1003997802734375,21.88766167163849,1000.0,0.8833358287811279,0.606170654296875,0.0022229184,-0.0033766396969440392,10.813278198242188,-20.504727029800414
1689,33280,56229888,858,34.03159761428833,1.3340966701507568,0.0001,8570,0.1,0.100909423828125,14.874658453464509,1000.0,0.9209814667701721,0.6052879095077515,0.002415142,-0.0034627359913429246,7.036744117736816,-20.48393061161041
1689,33315,56295424,859,33.794743061065674,1.187925100326538,0.0001,8580,0.1,0.096710205078125,16.64403862953186,1000.0,0.9186189770698547,0.6053821444511414,0.0023420523,-0.00339703004428884,8.715848922729492,-20.466127634048462
1689,33350,56360960,860,34.1764030456543,1.159212589263916,0.0001,8590,0.1,0.0980987548828125,19.508810782432555,1000.0,0.9177405834197998,0.6052051782608032,0.002181707,-0.0033122127686510796,9.991730690002441,-20.45877797603607
1690,33386,56426496,861,34.03519153594971,1.1702916622161865,0.0001,8600,0.1,0.09217681884765624,16.366253352165224,1000.0,0.9176657795906067,0.6050161123275757,0.0023255693,-0.0035644411749672146,7.925637722015381,-20.451299095153807
1690,33421,56492032,862,34.2147421836853,1.1671459674835205,0.0001,8610,0.1,0.0982666015625,20.036510515213013,1000.0,0.9118682146072388,0.6047638654708862,0.0026342901,-0.003697046294109896,9.785659790039062,-20.444557762145998
1690,33456,56557568,863,33.68630647659302,1.1943559646606445,0.0001,8620,0.1,0.1003875732421875,22.707709860801696,1000.0,0.8918381333351135,0.6048731207847595,0.0023953144,-0.003127242703340016,11.789441108703613,-20.43810279369354
1690,33491,56623104,864,34.08482336997986,1.1539397239685059,0.0001,8630,0.1,0.09344482421875,22.886700963974,1000.0,0.8876132965087891,0.604601263999939,0.0024079366,-0.0033533204230479898,10.885398864746094,-20.4323086977005
1690,33526,56688640,865,33.75588893890381,1.1173715591430664,0.0001,8640,0.1,0.09191436767578125,20.838307738304138,1000.0,0.8974980711936951,0.6047170162200928,0.0023950546,-0.0032822111548739485,9.981035232543945,-20.42552194595337
1691,33561,56754176,866,33.61628079414368,1.2083353996276855,0.0001,8650,0.1,0.11385498046875,20.644606757164002,1000.0,0.9046761989593506,0.6046029925346375,0.0027214948,-0.003067064750939608,11.10970687866211,-20.424297308921815
1691,33596,56819712,867,33.85801458358765,1.167062520980835,0.0001,8660,0.1,0.10745391845703126,21.946167254447936,1000.0,0.8883591890335083,0.6045666933059692,0.0023057654,-0.0030213987658498807,10.601645469665527,-20.416320872306823
1691,33631,56885248,868,34.10435152053833,1.1656899452209473,0.0001,8670,0.1,0.09878387451171874,17.732305145263673,1000.0,0.9118581414222717,0.6043050289154053,0.0022197661,-0.0030659202951937915,9.15603256225586,-20.410099267959595
1691,33666,56950784,869,33.58860158920288,1.1408979892730713,0.0001,8680,0.1,0.09687652587890624,18.40728714466095,1000.0,0.9146541357040405,0.6038097143173218,0.0024118754,-0.0035864043689798563,8.425130844116211,-20.392847967147826
1691,33700,57016320,870,32.980807065963745,1.1405179500579834,0.0001,8690,0.1,0.10390777587890625,22.81949338912964,1000.0,0.8932273983955383,0.6037497520446777,0.0028316132,-0.003046435631404165,10.708174705505371,-20.378239703178405
1692,33735,57081856,871,33.767133474349976,1.1617095470428467,0.0001,8700,0.1,0.10108795166015624,22.528041005134583,1000.0,0.8913778066635132,0.603661060333252,0.0023358962,-0.003160149575705873,9.944320678710938,-20.374574542045593
1692,33770,57147392,872,33.788020849227905,1.2274889945983887,0.0001,8710,0.1,0.0942840576171875,20.817691564559937,1000.0,0.892044723033905,0.603407621383667,0.0022342843,-0.003336429024056997,8.609766960144043,-20.366408109664917
1692,33804,57212928,873,33.48016571998596,1.1744186878204346,0.0001,8720,0.1,0.09628448486328126,19.325586223602294,1000.0,0.9066917896270752,0.6032533645629883,0.002368921,-0.003268925441079773,9.560522079467773,-20.35327317714691
1692,33839,57278464,874,33.801822662353516,1.207108497619629,0.0001,8730,0.1,0.09599609375,21.916123604774477,1000.0,0.8907650709152222,0.6032902598381042,0.002263586,-0.0034104371792636813,11.194655418395996,-20.347830533981323
1692,33876,57344000,875,35.03140330314636,1.1597959995269775,0.0001,8740,0.1,0.09559326171875,18.861420035362244,1000.0,0.9093128442764282,0.603175163269043,0.0023398043,-0.003180413164955098,8.825078010559082,-20.346387028694153
1692,33910,57409536,876,33.58325505256653,1.1310360431671143,0.0001,8750,0.1,0.0959625244140625,16.115010237693788,1000.0,0.919108510017395,0.6028996706008911,0.0022397344,-0.0033574042885447853,7.5217695236206055,-20.336701726913454
1693,33946,57475072,877,34.03439021110535,1.157804250717163,0.0001,8760,0.1,0.1068206787109375,21.196600794792175,1000.0,0.895281195640564,0.60316002368927,0.002238146,-0.0033431614661822095,11.968542098999023,-20.333599352836607
1693,33980,57540608,878,33.38005781173706,1.2071003913879395,0.0001,8770,0.1,0.0951934814453125,23.292330050468443,1000.0,0.8921548128128052,0.6030219793319702,0.0023444332,-0.0032095917340484448,10.413578033447266,-20.333310866355895
1693,34015,57606144,879,34.008437395095825,1.1855292320251465,0.0001,8780,0.1,0.103509521484375,18.612735271453857,1000.0,0.9102079272270203,0.6030837297439575,0.0023275292,-0.0036442488941247574,9.09211540222168,-20.326954436302184
1693,34050,57671680,880,33.35623121261597,1.1619813442230225,0.0001,8790,0.1,0.10977783203125,17.69631450176239,1000.0,0.9138602018356323,0.6031218767166138,0.0023141394,-0.003011477671680041,8.186646461486816,-20.325733160972597
1693,34084,57737216,881,32.74952936172485,1.1726372241973877,0.0001,8800,0.1,0.09875335693359374,23.905497002601624,1000.0,0.8872190713882446,0.6030977964401245,0.002478409,-0.0030462418573733883,11.788726806640625,-20.32452063560486
1694,34118,57802752,882,33.33388161659241,1.1440365314483643,0.0001,8810,0.1,0.12174072265625,20.13674325942993,1000.0,0.8967158794403076,0.6030848622322083,0.002327694,-0.002858128423395101,9.312678337097168,-20.320243453979494
1694,34153,57868288,883,33.947418212890625,1.1586322784423828,0.0001,8820,0.1,0.09857025146484374,24.523553705215456,1000.0,0.8836850523948669,0.6028813123703003,0.0025791135,-0.0030946221348131077,10.9447603225708,-20.31801552772522
1694,34189,57933824,884,33.96929717063904,1.1614995002746582,0.0001,8830,0.1,0.1064605712890625,17.77244369983673,1000.0,0.910176694393158,0.6026679873466492,0.0022856393,-0.003421416809578659,9.645142555236816,-20.30968506336212
1694,34223,57999360,885,33.11868453025818,1.1788811683654785,0.0001,8840,0.1,0.10312652587890625,19.038785576820374,1000.0,0.8926426768302917,0.6026706099510193,0.0023731587,-0.0034136894333641975,9.138654708862305,-20.305280494689942
1694,34257,58064896,886,33.29554343223572,1.1906375885009766,0.0001,8850,0.1,0.09195098876953126,17.166195654869078,1000.0,0.9210885763168335,0.602085292339325,0.0024293843,-0.003238554613199085,8.44313907623291,-20.295885610580445
1695,34292,58130432,887,33.869391202926636,1.1616463661193848,0.0001,8860,0.1,0.09847259521484375,21.30639328956604,1000.0,0.8884779214859009,0.6021378040313721,0.0022486357,-0.0029373471785220317,9.151764869689941,-20.286031007766724
1695,34328,58195968,888,34.55277633666992,1.134688138961792,0.0001,8870,0.1,0.0966888427734375,23.006452989578246,1000.0,0.8724327087402344,0.6021630167961121,0.0023137853,-0.003231066766602453,12.420980453491211,-20.290155911445616
1695,34363,58261504,889,33.959874391555786,1.0533244609832764,0.0001,8880,0.1,0.11254730224609374,18.11048514842987,1000.0,0.9161326885223389,0.6020910739898682,0.0025299299,-0.003127482319541741,8.6050386428833,-20.289312720298767
1695,34397,58327040,890,33.30265688896179,1.1588568687438965,0.0001,8890,0.1,0.10120391845703125,17.197707331180574,1000.0,0.9218013882637024,0.6017051935195923,0.0022708764,-0.0032887226581806315,8.356316566467285,-20.277248239517213
1695,34432,58392576,891,33.20376706123352,1.169313669204712,0.0001,8900,0.1,0.09563751220703125,15.14970953464508,1000.0,0.9240169525146484,0.6015011072158813,0.0022534877,-0.0032408191153081136,6.692780017852783,-20.261782264709474
1696,34467,58458112,892,34.19000744819641,1.1620666980743408,0.0001,8910,0.1,0.10185699462890625,21.30208077430725,1000.0,0.8964927196502686,0.6014906167984009,0.0023804363,-0.0030107274375041015,11.570781707763672,-20.25561168193817
1696,34503,58523648,893,34.812217473983765,1.1642661094665527,0.0001,8920,0.1,0.096844482421875,24.230946826934815,1000.0,0.8751171827316284,0.601144015789032,0.0025677993,-0.0033067638069042005,12.653837203979492,-20.248145031929017
1696,34538,58589184,894,34.01554560661316,1.1397919654846191,0.0001,8930,0.1,0.094183349609375,22.048825168609618,1000.0,0.900091290473938,0.6009199619293213,0.0023298992,-0.00335076416231459,10.93691349029541,-20.237253928184508
1696,34574,58654720,895,34.917699575424194,1.2101027965545654,0.0001,8940,0.1,0.11273956298828125,18.656759238243104,1000.0,0.9134474992752075,0.6006177663803101,0.0024725778,-0.002971642350894399,6.851555347442627,-20.225191283226014
1696,34610,58720256,896,34.33798694610596,1.2597031593322754,0.0001,8950,0.1,0.11138763427734374,17.239006912708284,1000.0,0.9207666516304016,0.6004247069358826,0.0026486157,-0.0030790884207817725,7.86302375793457,-20.215149259567262
1693,34703,58785792,897,34.19606924057007,1.1405909061431885,0.0001,8960,0.1,0.10578460693359375,20.99094684123993,1000.0,0.893172025680542,0.6003615856170654,0.0025343061,-0.0031947235722327603,10.205900192260742,-20.20682520866394
1694,34740,58851328,898,35.57525992393494,58.600226163864136,0.0001,8970,0.1,0.0958099365234375,19.029318511486053,1000.0,0.8965505361557007,0.6003128290176392,0.0023261742,-0.0033013143751304598,9.41563606262207,-20.199347186088563
1694,34775,58916864,899,34.113494634628296,1.0502917766571045,0.0001,8980,0.1,0.0922576904296875,16.844997322559358,1000.0,0.9130064249038696,0.5998215079307556,0.0022707111,-0.0033836792543297635,8.134674072265625,-20.188633799552917
1694,34810,58982400,900,34.594619274139404,1.1210758686065674,0.0001,8990,0.1,0.0952606201171875,23.13713936805725,1000.0,0.8964171409606934,0.5993525385856628,0.0023664495,-0.00335264934838051,10.835162162780762,-20.16714997291565
1694,34847,59047936,901,35.15118336677551,1.0907223224639893,0.0001,9000,0.1,0.10279541015625,20.947878098487855,1000.0,0.8930919170379639,0.5996559858322144,0.0025099427,-0.003271686083462555,10.325461387634277,-20.16162407398224
1694,34883,59113472,902,34.82092785835266,1.250709056854248,0.0001,9010,0.1,0.1176483154296875,21.461545395851136,1000.0,0.8871886730194092,0.5994388461112976,0.0024951731,-0.003329253701667767,9.627293586730957,-20.16157274246216
1694,34919,59179008,903,34.786789894104004,1.1756782531738281,0.0001,9020,0.1,0.1055206298828125,20.02213234901428,1000.0,0.8865259289741516,0.5990755558013916,0.0026966548,-0.0029934047255665065,9.155252456665039,-20.149780178070067
1694,34954,59244544,904,34.26461482048035,1.2301883697509766,0.0001,9030,0.1,0.0961212158203125,19.54794087409973,1000.0,0.9017610549926758,0.5990574359893799,0.0021853894,-0.0032149933591426815,9.774170875549316,-20.140430164337157
1695,34990,59310080,905,35.04006218910217,1.1666004657745361,0.0001,9040,0.1,0.1012054443359375,19.017260098457335,1000.0,0.8860632181167603,0.5987993478775024,0.002429015,-0.003308697663305793,10.032612800598145,-20.13196220397949
1695,35025,59375616,906,33.75666379928589,1.1320555210113525,0.0001,9050,0.1,0.09783477783203125,17.222795450687407,1000.0,0.9147743582725525,0.5989197492599487,0.002330313,-0.003289638047863264,7.768993854522705,-20.129200792312623
1695,35061,59441152,907,34.40174698829651,1.1676733493804932,0.0001,9060,0.1,0.0957855224609375,18.528951120376586,1000.0,0.8979584574699402,0.5987179279327393,0.0023514163,-0.003184489536215551,9.281214714050293,-20.12654356956482
1695,35096,59506688,908,34.26590180397034,1.1639869213104248,0.0001,9070,0.1,0.09774627685546874,19.13370726108551,1000.0,0.9076813459396362,0.5980678796768188,0.002358927,-0.003738193333265372,9.661232948303223,-20.106579089164732
1695,35132,59572224,909,34.232391119003296,1.0674922466278076,0.0001,9080,0.1,0.09481658935546874,16.940674793720245,1000.0,0.9189794659614563,0.5979760885238647,0.0024098908,-0.0031217141819070092,8.027820587158203,-20.08929979801178
1695,35167,59637760,910,34.30618906021118,1.1122932434082031,0.0001,9090,0.1,0.1056060791015625,20.537020087242126,1000.0,0.9063653945922852,0.5977884531021118,0.0024307354,-0.003516331945138518,11.210054397583008,-20.081702327728273
1695,35202,59703296,911,33.91028833389282,1.1480450630187988,0.0001,9100,0.1,0.09844818115234374,16.150943994522095,1000.0,0.9209499359130859,0.5976361036300659,0.0021560583,-0.0033432969023124313,7.988060474395752,-20.07071182727814
1696,35237,59768832,912,33.96858763694763,1.1949882507324219,0.0001,9110,0.1,0.107574462890625,17.65564649105072,1000.0,0.9189122319221497,0.5973361730575562,0.0025157775,-0.003549040247162338,7.77009916305542,-20.058339619636534
1696,35273,59834368,913,34.18948554992676,1.1317944526672363,0.0001,9120,0.1,0.09767303466796876,15.058059179782868,1000.0,0.9183125495910645,0.5969054698944092,0.0024642348,-0.003277237263682764,8.14732551574707,-20.041785740852355
1696,35308,59899904,914,34.35429668426514,1.2076752185821533,0.0001,9130,0.1,0.1054473876953125,16.406578528881074,1000.0,0.9095963835716248,0.5971639156341553,0.0024227763,-0.0035135247555444947,7.326650619506836,-20.036393666267394
1696,35343,59965440,915,33.961429595947266,1.2028417587280273,0.0001,9140,0.1,0.10697021484375,18.214710879325867,1000.0,0.9066194891929626,0.596977710723877,0.0023326944,-0.0035444442110019736,8.731069564819336,-20.036051559448243
1696,35379,60030976,916,34.064815044403076,1.209916591644287,0.0001,9150,0.1,0.1057464599609375,19.160690188407898,1000.0,0.8976241946220398,0.596852719783783,0.0023960762,-0.0032399996751337314,10.8055419921875,-20.02641680240631
